접수일,채취일,채취지역,접수번호,시료명,지역,TPH,Benzene,Toluene,Ethylbenzene,Xylene,Cd,Cu,As,Pb,Ni,Zn,Hg,Cr6+,F,CN,유기인,페놀류,PCB,TCE,PCE,B(a)P,"1,2-DCA",pH,완료기한,"실제완료일
(성적서 발급일자)","완료일
(유기분석)","완료일
(무기분석)","완료일
(일반분석)","특이사항
(비고)",발급일,성적서No.
2025-10-20,2025-10-15,울산,2025-D-0001-1,UJS-A001-01,2지역,,,,,,ND,10.3,5.01,11,20.4,56.8,ND,ND,,,,,,,,,,,2025-10-29,,,2025-10-29,,,,
2025-10-20,2025-10-15,울산,2025-D-0001-2,UJS-A011-01,1지역,,,,,,ND,14.9,7.24,24.1,17.9,145.7,ND,ND,,,,,,,,,,,2025-10-29,,,2025-10-29,,,,
2025-10-20,2025-10-15,울산,2025-D-0001-3,UJS-A014-01,2지역,ND,ND,ND,ND,ND,,,,,,,,,,,,,,,,,,,2025-10-29,,2025-10-29,,,,,
2025-10-20,2025-10-15,울산,2025-D-0001-4,UJS-A021-01,2지역,,,,,,,,,,,,,,,,,,ND,,,,,,2025-10-29,,2025-10-29,,,,,
2025-10-20,2025-10-15,울산,2025-D-0001-5,UJS-A022-01,2지역,ND,ND,ND,ND,ND,,,,,,,,,,,,,,,,,,,2025-10-29,,2025-10-29,,,,,
2025-10-20,2025-10-15,울산,2025-D-0001-6,UJS-A028-01,2지역,ND,ND,ND,ND,ND,,,,,,,,,,,,,,,,,,,2025-10-29,,2025-10-29,,,,,
2025-10-20,2025-10-15,울산,2025-D-0001-7,UJS-A029-01,2지역,ND,ND,ND,ND,ND,,,,,,,,,,,,,,,,,,,2025-10-29,,2025-10-29,,,,,
2025-10-20,2025-10-15,울산,2025-D-0001-8,UJS-A030-01,2지역,ND,ND,ND,ND,ND,,,,,,,,,,,,,,,,,,,2025-10-29,,2025-10-29,,,,,
2025-10-20,2025-10-15,울산,2025-D-0001-9,UJS-A031-01,2지역,ND,ND,ND,ND,ND,,,,,,,,,,,,,,,,,,,2025-10-29,,2025-10-29,,,,,
2025-10-20,2025-10-15,울산,2025-D-0001-10,UJS-A032-01,2지역,ND,ND,ND,ND,ND,,,,,,,,,,,,,,,,,,,2025-10-29,,2025-10-29,,,,,
2025-10-20,2025-10-15,울산,2025-D-0001-11,UJS-A033-01,2지역,ND,ND,ND,ND,ND,,,,,,,,,,,,,,,,,,,2025-10-29,,2025-10-29,,,,,
2025-10-20,2025-10-15,울산,2025-D-0001-12,UJS-A034-01,2지역,ND,ND,ND,ND,ND,,,,,,,,,,,,,,,,,,,2025-10-29,,2025-10-29,,,,,
2025-10-20,2025-10-15,울산,2025-D-0001-13,UJS-A036-01,2지역,ND,ND,ND,ND,ND,,,,,,,,,,,,,,,,,,,2025-10-29,,2025-10-29,,,,,
2025-10-20,2025-10-15,울산,2025-D-0001-14,UJS-A037-01,2지역,ND,ND,ND,ND,ND,,,,,,,,,,,,,,,,,,,2025-10-29,,2025-10-29,,,,,
2025-10-20,2025-10-15,울산,2025-D-0001-15,UJS-A038-01,2지역,ND,ND,ND,ND,ND,,,,,,,,,,,,,,,,,,,2025-10-29,,2025-10-29,,,,,
2025-10-20,2025-10-15,울산,2025-D-0001-16,UJS-A039-01,2지역,ND,ND,ND,ND,ND,,,,,,,,,,,,,,,,,,,2025-10-29,,2025-10-29,,,,,
2025-10-20,2025-10-15,울산,2025-D-0001-17,UJS-A040-01,2지역,,,,,,,,,,,,,,,,,,ND,,,,,,2025-10-29,,2025-10-29,,,,,
2025-10-20,2025-10-15,울산,2025-D-0001-18,UJS-A041-01,2지역,ND,ND,ND,ND,ND,,,,,,,,,,,,,,,,,,,2025-10-29,,2025-10-29,,,,,
2025-10-20,2025-10-15,울산,2025-D-0001-19,UJS-A042-01,2지역,ND,ND,ND,ND,ND,,,,,,,,,,,,,,,,,,,2025-10-29,,2025-10-29,,,,,
2025-10-20,2025-10-15,울산,2025-D-0001-20,UJS-A043-01,2지역,ND,ND,ND,ND,ND,,,,,,,,,,,,,,,,,,,2025-10-29,,2025-10-29,,,,,
2025-10-20,2025-10-15,울산,2025-D-0001-21,UJS-A045-01,2지역,ND,ND,ND,ND,ND,,,,,,,,,,,,,,,,,,,2025-10-29,,2025-10-29,,,,,
2025-10-20,2025-10-15,울산,2025-D-0001-22,UJS-A048-01,2지역,ND,ND,ND,ND,ND,,,,,,,,,,,,,,,,,,,2025-10-29,,2025-10-29,,,,,
2025-10-20,2025-10-15,울산,2025-D-0001-23,UJS-A049-01,2지역,ND,ND,ND,ND,ND,,,,,,,,,,,,,,,,,,,2025-10-29,,2025-10-29,,,,,
2025-10-20,2025-10-15,울산,2025-D-0001-24,UJS-A050-01,1지역,ND,ND,ND,ND,ND,,,,,,,,,,,,,,,,,,,2025-10-29,,2025-10-29,,,,,
2025-10-20,2025-10-15,울산,2025-D-0001-25,UJS-A051-01,2지역,ND,ND,ND,ND,ND,,,,,,,,,,,,,,,,,,,2025-10-29,,2025-10-29,,,,,
2025-10-20,2025-10-15,울산,2025-D-0001-26,UJS-A052-01,2지역,,,,,,,,,,,,,,,,,,ND,,,,,,2025-10-29,,2025-10-29,,,,,
2025-10-20,2025-10-15,울산,2025-D-0001-27,UJS-A053-01,3지역,ND,ND,ND,ND,ND,,,,,,,,,,,,,,,,,,,2025-10-29,,2025-10-29,,,,,
2025-10-20,2025-10-15,울산,2025-D-0001-28,UJS-A054-01,2지역,ND,ND,ND,ND,ND,,,,,,,,,,,,,,,,,,,2025-10-29,,2025-10-29,,,,,
2025-10-20,2025-10-15,울산,2025-D-0001-29,UJS-A056-01,2지역,ND,ND,ND,ND,ND,,,,,,,,,,,,,,,,,,,2025-10-29,,2025-10-29,,,,,
2025-10-20,2025-10-15,울산,2025-D-0001-30,UJS-A057-01,1지역,ND,ND,ND,ND,ND,,,,,,,,,,,,,,,,,,,2025-10-29,,2025-10-29,,,,,
2025-10-20,2025-10-15,울산,2025-D-0001-31,UJS-A058-01,1지역,ND,ND,ND,ND,ND,,,,,,,,,,,,,,,,,,,2025-10-29,,2025-10-29,,,,,
2025-10-20,2025-10-15,울산,2025-D-0001-32,UJS-A059-01,2지역,ND,ND,ND,ND,ND,,,,,,,,,,,,,,,,,,,2025-10-29,,2025-10-29,,,,,
2025-10-20,2025-10-15,울산,2025-D-0001-33,UJS-A064-01,1지역,ND,ND,ND,ND,ND,,,,,,,,,,,,,,,,,,,2025-10-29,,2025-10-29,,,,,
2025-10-20,2025-10-15,울산,2025-D-0001-34,UJS-A065-01,2지역,ND,ND,ND,ND,ND,,,,,,,,,,,,,,,,,,,2025-10-29,,2025-10-29,,,,,
2025-10-20,2025-10-15,울산,2025-D-0001-35,UJS-A066-01,2지역,,,,,,ND,21.5,3.37,36.3,22,131.5,ND,ND,,,,,,,,,,,2025-10-29,,,2025-10-29,,,,
2025-10-20,2025-10-15,울산,2025-D-0001-36,UJS-A067-01,2지역,,,,,,ND,22.1,3.97,181.7,22.5,54,ND,ND,,,,,,,,,,,2025-10-29,,,2025-10-29,,,,
2025-10-20,2025-10-15,울산,2025-D-0001-37,UJS-A074-01,1지역,,,,,,ND,25.8,ND,124.1,25,44.6,ND,ND,,,,,,,,,,,2025-10-29,,,2025-10-29,,,,
2025-10-20,2025-10-15,울산,2025-D-0001-38,UJS-A075-01,1지역,,,,,,ND,43,7.04,210.2,23.9,50.7,ND,ND,,,,,,,,,,,2025-10-29,,,2025-10-29,,,,
2025-10-20,2025-10-15,울산,2025-D-0001-39,UJS-A076-01,1지역,,,,,,ND,14.8,ND,23,16.8,33.9,ND,ND,,,,,,,,,,,2025-10-29,,,2025-10-29,,,,
2025-10-20,2025-10-15,울산,2025-D-0001-40,UJS-A077-01,1지역,,,,,,ND,17.5,ND,52.4,17.3,44.7,ND,ND,,,,,,,,,,,2025-10-29,,,2025-10-29,,,,
2025-10-20,2025-10-15,울산,2025-D-0001-41,UJS-A078-01,1지역,,,,,,ND,61.6,6.98,172,27,57.1,ND,ND,,,,,,,,,,,2025-10-29,,,2025-10-29,,,,
2025-10-24,2025-10-21,울산,2025-D-0001-42,UJS-A002-01,2지역,,,,,,ND,10,4.47,11.7,18.1,46.7,ND,0.8,,,,,,,,,,,2025-11-04,,,2025-11-03,,,,
2025-10-24,2025-10-21,울산,2025-D-0001-43,UJS-A002-02,2지역,,,,,,ND,8.4,3.16,11,19.4,41.9,ND,ND,,,,,,,,,,,2025-11-04,,,2025-11-03,,,,
2025-10-24,2025-10-21,울산,2025-D-0001-44,UJS-A002-03,2지역,,,,,,ND,6.4,1.55,9.7,24.1,38.5,ND,ND,,,,,,,,,,,2025-11-04,,,2025-11-03,,,,
2025-10-24,2025-10-21,울산,2025-D-0001-45,UJS-A002-04,2지역,,,,,,ND,6.7,3.76,8,24.2,42.6,ND,ND,,,,,,,,,,,2025-11-04,,,2025-11-03,,,,
2025-10-24,2025-10-21,울산,2025-D-0001-46,UJS-A002-05,2지역,,,,,,ND,8.1,ND,10.8,13.4,37.2,ND,0.6,,,,,,,,,,,2025-11-04,,,2025-11-03,,,,
2025-10-24,2025-10-21,울산,2025-D-0001-47,UJS-A002-06,2지역,,,,,,ND,8.6,4.44,12.5,18.6,42.6,ND,ND,,,,,,,,,,,2025-11-04,,,2025-11-03,,,,
2025-10-24,2025-10-21,울산,2025-D-0001-48,UJS-A003-01,2지역,,,,,,ND,11.1,4.54,12.3,15.4,43.4,ND,ND,,,,,,,,,,,2025-11-04,,,2025-11-03,,,,
2025-10-24,2025-10-21,울산,2025-D-0001-49,UJS-A004-01,2지역,,,,,,ND,15.4,ND,17.2,14,63.9,ND,0.6,,,,,,,,,,,2025-11-04,,,2025-11-03,,,,
2025-10-24,2025-10-21,울산,2025-D-0001-50,UJS-A004-02,2지역,,,,,,ND,6.2,ND,9.7,10.9,31.8,ND,ND,,,,,,,,,,,2025-11-04,,,2025-11-03,,,,
2025-10-24,2025-10-21,울산,2025-D-0001-51,UJS-A004-03,2지역,,,,,,ND,8,ND,10.1,15.7,38.8,ND,0.6,,,,,,,,,,,2025-11-04,,,2025-11-03,,,,
2025-10-24,2025-10-21,울산,2025-D-0001-52,UJS-A004-04,2지역,,,,,,ND,8.4,ND,11.3,16.9,45.3,ND,ND,,,,,,,,,,,2025-11-04,,,2025-11-03,,,,
2025-10-24,2025-10-21,울산,2025-D-0001-53,UJS-A004-05,2지역,,,,,,ND,9.6,3.24,12.7,16.8,47.5,ND,ND,,,,,,,,,,,2025-11-04,,,2025-11-03,,,,
2025-10-24,2025-10-21,울산,2025-D-0001-54,UJS-A004-06,2지역,,,,,,ND,9.4,15.57,14.9,17.8,51.1,ND,ND,,,,,,,,,,,2025-11-04,,,2025-11-03,,,,
2025-10-24,2025-10-21,울산,2025-D-0001-55,UJS-A005-01,2지역,,,,,,ND,11.2,3.35,10,16.7,48.2,ND,ND,,,,,,,,,,,2025-11-04,,,2025-11-03,,,,
2025-10-24,2025-10-21,울산,2025-D-0001-56,UJS-A006-01,2지역,,,,,,ND,10,2.89,10.6,16.9,43.9,ND,ND,,,,,,,,,,,2025-11-04,,,2025-11-03,,,,
2025-10-24,2025-10-21,울산,2025-D-0001-57,UJS-A007-01,2지역,,,,,,ND,8.9,ND,11.3,22,47.4,ND,ND,,,,,,,,,,,2025-11-04,,,2025-11-03,,,,
2025-10-24,2025-10-21,울산,2025-D-0001-58,UJS-A007-02,2지역,,,,,,ND,6.9,ND,9.6,29.6,42.9,ND,ND,,,,,,,,,,,2025-11-04,,,2025-11-03,,,,
2025-10-24,2025-10-21,울산,2025-D-0001-59,UJS-A007-03,2지역,,,,,,ND,7.3,ND,8.5,26.5,43.2,ND,ND,,,,,,,,,,,2025-11-04,,,2025-11-03,,,,
2025-10-24,2025-10-21,울산,2025-D-0001-60,UJS-A007-04,2지역,,,,,,ND,6.7,ND,9.3,26.8,43.9,ND,ND,,,,,,,,,,,2025-11-04,,,2025-11-03,,,,
2025-10-24,2025-10-21,울산,2025-D-0001-61,UJS-A007-05,2지역,,,,,,ND,11.1,4.93,13.1,21,49.1,ND,ND,,,,,,,,,,,2025-11-04,,,2025-11-03,,,,
2025-10-24,2025-10-21,울산,2025-D-0001-62,UJS-A007-06,2지역,,,,,,ND,7.8,3.51,9.1,29.6,48.7,ND,ND,,,,,,,,,,,2025-11-04,,,2025-11-03,,,,
2025-10-24,2025-10-21,울산,2025-D-0001-63,UJS-A008-01,2지역,,,,,,ND,15.5,7.54,19.8,20,107.6,ND,1.4,,,,,,,,,,,2025-11-04,,,2025-11-03,,,,
2025-10-24,2025-10-21,울산,2025-D-0001-64,UJS-A009-01,2지역,,,,,,ND,9.7,3.78,11.2,18,48.1,ND,ND,,,,,,,,,,,2025-11-04,,,2025-11-03,,,,
2025-10-24,2025-10-21,울산,2025-D-0001-65,UJS-A009-02,2지역,,,,,,ND,8.5,ND,10.1,24.8,52.7,ND,ND,,,,,,,,,,,2025-11-04,,,2025-11-03,,,,
2025-10-24,2025-10-21,울산,2025-D-0001-66,UJS-A009-03,2지역,,,,,,ND,7.4,5.01,10.8,18.6,40.6,ND,ND,,,,,,,,,,,2025-11-04,,,2025-11-03,,,,
2025-10-24,2025-10-21,울산,2025-D-0001-67,UJS-A009-04,2지역,,,,,,ND,8.6,3.68,10.8,20.4,45.8,ND,ND,,,,,,,,,,,2025-11-04,,,2025-11-03,,,,
2025-10-24,2025-10-21,울산,2025-D-0001-68,UJS-A010-01,1지역,,,,,,ND,19.8,6.51,16.6,26.9,82,ND,ND,,,,,,,,,,,2025-11-04,,,2025-11-03,,,,
2025-10-24,2025-10-21,울산,2025-D-0001-69,UJS-A012-01,2지역,ND,ND,ND,ND,ND,ND,21.1,ND,18.4,38.7,66.8,ND,ND,,,,,,,,,,,2025-11-04,,2025-11-04,2025-11-03,,,,
2025-10-24,2025-10-21,울산,2025-D-0001-70,UJS-A018-01,2지역,ND,ND,ND,ND,ND,,,,,,,,,,,,,,,,,,,2025-11-04,,2025-11-04,,,,,
2025-10-24,2025-10-21,울산,2025-D-0001-71,UJS-A018-02,2지역,ND,ND,ND,ND,ND,,,,,,,,,,,,,,,,,,,2025-11-04,,2025-11-04,,,,,
2025-10-24,2025-10-21,울산,2025-D-0001-72,UJS-A017-01,2지역,ND,ND,ND,ND,ND,,,,,,,,,,,,,,,,,,,2025-11-04,,2025-11-04,,,,,
2025-10-24,2025-10-21,울산,2025-D-0001-73,UJS-A017-02,2지역,ND,ND,ND,ND,ND,,,,,,,,,,,,,,,,,,,2025-11-04,,2025-11-04,,,,,
2025-10-24,2025-10-21,울산,2025-D-0001-74,UJS-A016-01,2지역,ND,ND,ND,ND,ND,,,,,,,,,,,,,,,,,,,2025-11-04,,2025-11-04,,,,,
2025-10-24,2025-10-21,울산,2025-D-0001-75,UJS-A016-02,2지역,ND,ND,ND,ND,ND,,,,,,,,,,,,,,,,,,,2025-11-04,,2025-11-04,,,,,
2025-10-24,2025-10-21,울산,2025-D-0001-76,UJS-A015-01,2지역,ND,ND,ND,ND,ND,,,,,,,,,,,,,,,,,,,2025-11-04,,2025-11-04,,,,,
2025-10-24,2025-10-21,울산,2025-D-0001-77,UJS-A015-02,2지역,ND,ND,ND,ND,ND,,,,,,,,,,,,,,,,,,,2025-11-04,,2025-11-04,,,,,
2025-10-24,2025-10-21,울산,2025-D-0001-78,UJS-A015-03,2지역,ND,ND,ND,ND,ND,,,,,,,,,,,,,,,,,,,2025-11-04,,2025-11-04,,,,,
2025-10-24,2025-10-21,울산,2025-D-0001-79,UJS-A015-04,2지역,ND,ND,ND,ND,ND,,,,,,,,,,,,,,,,,,,2025-11-04,,2025-11-04,,,,,
2025-10-24,2025-10-21,울산,2025-D-0001-80,UJS-A015-05,2지역,ND,ND,ND,ND,ND,,,,,,,,,,,,,,,,,,,2025-11-04,,2025-11-04,,,,,
2025-10-24,2025-10-21,울산,2025-D-0001-81,UJS-A015-06,2지역,ND,ND,ND,ND,ND,,,,,,,,,,,,,,,,,,,2025-11-04,,2025-11-04,,,,,
2025-10-24,2025-10-21,울산,2025-D-0001-82,UJS-A015-07,2지역,ND,ND,ND,ND,ND,,,,,,,,,,,,,,,,,,,2025-11-04,,2025-11-04,,,,,
2025-10-24,2025-10-21,울산,2025-D-0001-83,UJS-A013-01,2지역,ND,ND,ND,ND,ND,,,,,,,,,,,,,,,,,,,2025-11-04,,2025-11-04,,,,,
2025-10-24,2025-10-21,울산,2025-D-0001-84,UJS-A019-01,2지역,ND,ND,ND,ND,ND,,,,,,,,,,,,,,,,,,,2025-11-04,,2025-11-04,,,,,
2025-10-24,2025-10-21,울산,2025-D-0001-85,UJS-A019-02,2지역,ND,ND,ND,ND,ND,,,,,,,,,,,,,,,,,,,2025-11-04,,2025-11-04,,,,,
2025-10-24,2025-10-21,울산,2025-D-0001-86,UJS-A019-03,2지역,ND,ND,ND,ND,ND,,,,,,,,,,,,,,,,,,,2025-11-04,,2025-11-04,,,,,
2025-10-24,2025-10-21,울산,2025-D-0001-87,UJS-A019-04,2지역,ND,ND,ND,ND,ND,,,,,,,,,,,,,,,,,,,2025-11-04,,2025-11-04,,,,,
2025-10-24,2025-10-21,울산,2025-D-0001-88,UJS-A019-05,2지역,ND,ND,ND,ND,ND,,,,,,,,,,,,,,,,,,,2025-11-04,,2025-11-04,,,,,
2025-10-24,2025-10-21,울산,2025-D-0001-89,UJS-A019-06,2지역,ND,ND,ND,ND,ND,,,,,,,,,,,,,,,,,,,2025-11-04,,2025-11-04,,,,,
2025-10-24,2025-10-21,울산,2025-D-0001-90,UJS-A019-07,2지역,ND,ND,ND,ND,ND,,,,,,,,,,,,,,,,,,,2025-11-04,,2025-11-04,,,,,
2025-10-24,2025-10-21,울산,2025-D-0001-91,UJS-A020-01,2지역,ND,ND,ND,ND,ND,,,,,,,,,,,,,,,,,,,2025-11-04,,2025-11-04,,,,,
2025-10-24,2025-10-21,울산,2025-D-0001-92,UJS-A020-02,2지역,ND,ND,ND,ND,ND,,,,,,,,,,,,,,,,,,,2025-11-04,,2025-11-04,,,,,
2025-10-24,2025-10-21,울산,2025-D-0001-93,UJS-A024-01,2지역,ND,ND,ND,ND,ND,,,,,,,,,,,,,,,,,,,2025-11-04,,2025-11-04,,,,,
2025-10-24,2025-10-21,울산,2025-D-0001-94,UJS-A024-02,2지역,ND,ND,ND,ND,ND,,,,,,,,,,,,,,,,,,,2025-11-04,,2025-11-04,,,,,
2025-10-24,2025-10-21,울산,2025-D-0001-95,UJS-A024-03,2지역,ND,ND,ND,ND,ND,,,,,,,,,,,,,,,,,,,2025-11-04,,2025-11-04,,,,,
2025-10-24,2025-10-21,울산,2025-D-0001-96,UJS-A024-04,2지역,ND,ND,ND,ND,ND,,,,,,,,,,,,,,,,,,,2025-11-04,,2025-11-04,,,,,
2025-10-24,2025-10-21,울산,2025-D-0001-97,UJS-A024-05,2지역,ND,ND,ND,ND,ND,,,,,,,,,,,,,,,,,,,2025-11-04,,2025-11-04,,,,,
2025-10-24,2025-10-21,울산,2025-D-0001-98,UJS-A023-01,2지역,ND,ND,ND,ND,ND,,,,,,,,,,,,,,,,,,,2025-11-04,,2025-11-04,,,,,
2025-10-24,2025-10-21,울산,2025-D-0001-99,UJS-A023-02,2지역,ND,ND,ND,ND,ND,,,,,,,,,,,,,,,,,,,2025-11-04,,2025-11-04,,,,,
2025-10-24,2025-10-21,울산,2025-D-0001-100,UJS-A023-03,2지역,ND,ND,ND,ND,ND,,,,,,,,,,,,,,,,,,,2025-11-04,,2025-11-04,,,,,
2025-10-24,2025-10-21,울산,2025-D-0001-101,UJS-A023-04,2지역,ND,ND,ND,ND,ND,,,,,,,,,,,,,,,,,,,2025-11-04,,2025-11-04,,,,,
2025-10-24,2025-10-21,울산,2025-D-0001-102,UJS-A027-01,2지역,ND,ND,ND,ND,ND,,,,,,,,,,,,,,,,,,,2025-11-04,,2025-11-04,,,,,
2025-10-24,2025-10-21,울산,2025-D-0001-103,UJS-A027-02,2지역,ND,ND,ND,ND,ND,,,,,,,,,,,,,,,,,,,2025-11-04,,2025-11-04,,,,,
2025-10-24,2025-10-21,울산,2025-D-0001-104,UJS-A027-03,2지역,ND,ND,ND,ND,ND,,,,,,,,,,,,,,,,,,,2025-11-04,,2025-11-04,,,,,
2025-10-24,2025-10-21,울산,2025-D-0001-105,UJS-A035-01,2지역,ND,ND,ND,ND,ND,,,,,,,,,,,,,,,,,,,2025-11-04,,2025-11-04,,,,,
2025-10-24,2025-10-21,울산,2025-D-0001-106,UJS-A035-02,2지역,ND,ND,ND,ND,ND,,,,,,,,,,,,,,,,,,,2025-11-04,,2025-11-04,,,,,
2025-10-24,2025-10-21,울산,2025-D-0001-107,UJS-A035-03,2지역,ND,ND,ND,ND,ND,,,,,,,,,,,,,,,,,,,2025-11-04,,2025-11-04,,,,,
2025-10-24,2025-10-21,울산,2025-D-0001-108,UJS-A035-04,2지역,ND,ND,ND,ND,ND,,,,,,,,,,,,,,,,,,,2025-11-04,,2025-11-04,,,,,
2025-10-24,2025-10-21,울산,2025-D-0001-109,UJS-A035-05,2지역,ND,ND,ND,ND,ND,,,,,,,,,,,,,,,,,,,2025-11-04,,2025-11-04,,,,,
2025-10-24,2025-10-21,울산,2025-D-0001-110,UJS-A035-06,2지역,ND,ND,ND,ND,ND,,,,,,,,,,,,,,,,,,,2025-11-04,,2025-11-04,,,,,
2025-10-24,2025-10-22,울산,2025-D-0001-111,UJS-A044-01,2지역,ND,ND,ND,ND,ND,,,,,,,,,,,,,,,,,,,2025-11-05,,2025-11-04,,,,,
2025-10-24,2025-10-22,울산,2025-D-0001-112,UJS-A046-01,2지역,ND,ND,ND,ND,ND,,,,,,,,,,,,,,,,,,,2025-11-05,,2025-11-04,,,,,
2025-10-24,2025-10-22,울산,2025-D-0001-113,UJS-A047-01,2지역,ND,ND,ND,ND,ND,,,,,,,,,,,,,,,,,,,2025-11-05,,2025-11-04,,,,,
2025-10-24,2025-10-22,울산,2025-D-0001-114,UJS-A055-01,1지역,ND,ND,ND,ND,ND,,,,,,,,,,,,,,,,,,,2025-11-05,,2025-11-04,,,,,
2025-10-24,2025-10-22,울산,2025-D-0001-115,UJS-A061-01,2지역,ND,ND,ND,ND,ND,ND,19.8,2.4,15.3,63.1,70,ND,ND,,,,,,,,,,,2025-11-05,,2025-11-04,2025-11-03,,,,
2025-10-24,2025-10-22,울산,2025-D-0001-116,UJS-A061-02,2지역,,,,,,ND,15.2,1.93,13,34.8,52.6,ND,0.7,,,,,,,,,,,2025-11-05,,,2025-11-03,,,,
2025-10-24,2025-10-22,울산,2025-D-0001-117,UJS-A061-03,2지역,,,,,,ND,15.4,5.15,13.2,35.4,51.5,ND,ND,,,,,,,,,,,2025-11-05,,,2025-11-03,,,,
2025-10-24,2025-10-22,울산,2025-D-0001-118,UJS-A061-04,2지역,ND,ND,ND,ND,ND,ND,11.3,2.63,9.7,41.7,51.6,ND,ND,,,,,,,,,,,2025-11-05,,2025-11-04,2025-11-03,,,,
2025-10-24,2025-10-22,울산,2025-D-0001-119,UJS-A061-05,2지역,3636,ND,ND,ND,ND,ND,15,2.13,13.2,21.9,42.7,ND,ND,,,,,,,,,,,2025-11-05,,2025-11-04,2025-11-03,,,,
2025-10-24,2025-10-22,울산,2025-D-0001-120,UJS-A061-06,2지역,3381,ND,ND,ND,ND,ND,11.4,ND,11.9,18.1,33.5,ND,ND,,,,,,,,,,,2025-11-05,,2025-11-04,2025-11-03,,,,
2025-10-24,2025-10-22,울산,2025-D-0001-121,UJS-A061-07,2지역,215,ND,ND,ND,ND,ND,11.2,3.97,13.1,22,43.5,ND,ND,,,,,,,,,,,2025-11-05,,2025-11-04,2025-11-03,,,,
2025-10-24,2025-10-22,울산,2025-D-0001-122,UJS-A060-01,2지역,ND,ND,ND,ND,ND,ND,15.6,3.18,20.6,27.2,57.2,ND,ND,,,,,,,,,,,2025-11-05,,2025-11-04,2025-11-03,,,,
2025-10-24,2025-10-22,울산,2025-D-0001-123,UJS-A060-02,2지역,,,,,,ND,15.5,ND,14.2,40.8,62.7,ND,ND,,,,,,,,,,,2025-11-05,,,2025-11-03,,,,
2025-10-24,2025-10-22,울산,2025-D-0001-124,UJS-A060-03,2지역,,,,,,ND,16,8.91,13.5,29.6,54.6,ND,ND,,,,,,,,,,,2025-11-05,,,2025-11-04,,,,
2025-10-24,2025-10-22,울산,2025-D-0001-125,UJS-A060-04,2지역,ND,ND,ND,ND,ND,ND,17.6,6.2,11.4,35.4,62.1,ND,ND,,,,,,,,,,,2025-11-05,,2025-11-04,2025-11-04,,,,
2025-10-24,2025-10-22,울산,2025-D-0001-126,UJS-A060-05,2지역,ND,ND,ND,ND,ND,ND,14.8,6.32,9.7,19.9,36,ND,ND,,,,,,,,,,,2025-11-05,,2025-11-04,2025-11-04,,,,
2025-10-24,2025-10-22,울산,2025-D-0001-127,UJS-A060-06,2지역,ND,ND,ND,ND,ND,ND,13.8,4.03,9.9,22.7,40.3,ND,ND,,,,,,,,,,,2025-11-05,,2025-11-04,2025-11-04,,,,
2025-10-24,2025-10-22,울산,2025-D-0001-128,UJS-A063-01,2지역,ND,ND,ND,ND,ND,ND,15,7.14,24.9,22.4,47.4,ND,ND,,,,,,,,,,,2025-11-05,,2025-11-04,2025-11-04,,,,
2025-10-24,2025-10-22,울산,2025-D-0001-129,UJS-A063-02,2지역,,,,,,ND,15.5,4.83,18.2,29.6,57.4,ND,ND,,,,,,,,,,,2025-11-05,,,2025-11-04,,,,
2025-10-24,2025-10-22,울산,2025-D-0001-130,UJS-A063-03,2지역,,,,,,ND,12.2,4.46,15,30.2,50.2,ND,ND,,,,,,,,,,,2025-11-05,,,2025-11-04,,,,
2025-10-24,2025-10-22,울산,2025-D-0001-131,UJS-A063-04,2지역,ND,ND,ND,ND,ND,ND,11.4,4.2,15.8,29.8,47.7,ND,ND,,,,,,,,,,,2025-11-05,,2025-11-04,2025-11-04,,,,
2025-10-24,2025-10-22,울산,2025-D-0001-132,UJS-A063-05,2지역,ND,ND,ND,ND,ND,ND,19.9,8.64,17,29.2,59.4,ND,ND,,,,,,,,,,,2025-11-05,,2025-11-04,2025-11-04,,,,
2025-10-24,2025-10-22,울산,2025-D-0001-133,UJS-A063-06,2지역,ND,ND,ND,ND,ND,ND,18.3,7.37,16,25.7,49.2,ND,ND,,,,,,,,,,,2025-11-05,,2025-11-04,2025-11-04,,,,
2025-10-24,2025-10-22,울산,2025-D-0001-134,UJS-A071-01,1지역,,,,,,ND,125.1,7.49,1040.9,33.2,73.6,ND,ND,,,,,,,,,,,2025-11-05,,,2025-11-04,,,,
2025-10-24,2025-10-22,울산,2025-D-0001-135,UJS-A071-02,1지역,,,,,,ND,19.2,5.49,57.5,33.4,48,ND,ND,,,,,,,,,,,2025-11-05,,,2025-11-04,,,,
2025-10-24,2025-10-22,울산,2025-D-0001-136,UJS-A071-03,1지역,,,,,,ND,16.7,4.27,24,27.6,41,ND,ND,,,,,,,,,,,2025-11-05,,,2025-11-04,,,,
2025-10-24,2025-10-22,울산,2025-D-0001-137,UJS-A071-04,1지역,,,,,,ND,16.7,5.75,19.3,27.7,41.6,ND,ND,,,,,,,,,,,2025-11-05,,,2025-11-04,,,,
2025-10-24,2025-10-22,울산,2025-D-0001-138,UJS-A071-05,1지역,,,,,,ND,15.3,4.54,16,26.9,41.7,ND,ND,,,,,,,,,,,2025-11-05,,,2025-11-04,,,,
2025-10-24,2025-10-22,울산,2025-D-0001-139,UJS-A071-06,1지역,,,,,,ND,13.3,4.97,12.9,24.7,40.4,ND,ND,,,,,,,,,,,2025-11-05,,,2025-11-04,,,,
2025-10-24,2025-10-22,울산,2025-D-0001-140,UJS-A071-07,1지역,,,,,,ND,16.7,6.37,15.3,26.5,40.2,ND,ND,,,,,,,,,,,2025-11-05,,,2025-11-04,,,,
2025-10-24,2025-10-22,울산,2025-D-0001-141,UJS-A071-08,1지역,,,,,,ND,7.6,5.06,17.7,32,49.5,ND,ND,,,,,,,,,,,2025-11-05,,,2025-11-04,,,,
2025-10-24,2025-10-22,울산,2025-D-0001-142,UJS-A068-01,2지역,,,,,,ND,21.6,6.5,54.7,31.8,51.6,ND,ND,,,,,,,,,,,2025-11-05,,,2025-11-04,,,,
2025-10-24,2025-10-22,울산,2025-D-0001-143,UJS-A068-02,2지역,,,,,,ND,16.2,7.2,19.9,35.2,49.8,ND,ND,,,,,,,,,,,2025-11-05,,,2025-11-04,,,,
2025-10-24,2025-10-22,울산,2025-D-0001-144,UJS-A068-03,2지역,,,,,,ND,15.4,6.83,13.3,34.1,48.3,ND,ND,,,,,,,,,,,2025-11-05,,,2025-11-04,,,,
2025-10-24,2025-10-22,울산,2025-D-0001-145,UJS-A068-04,2지역,,,,,,ND,13.8,6.13,11.8,34.2,45.7,ND,ND,,,,,,,,,,,2025-11-05,,,2025-11-04,,,,
2025-10-24,2025-10-22,울산,2025-D-0001-146,UJS-A068-05,2지역,,,,,,ND,13.6,5.11,14.8,31.1,45.6,ND,ND,,,,,,,,,,,2025-11-05,,,2025-11-04,,,,
2025-10-24,2025-10-22,울산,2025-D-0001-147,UJS-A068-06,2지역,,,,,,ND,12.8,3.5,13.1,23.4,39.5,ND,ND,,,,,,,,,,,2025-11-05,,,2025-11-04,,,,
2025-10-24,2025-10-22,울산,2025-D-0001-148,UJS-A068-07,2지역,,,,,,ND,12.5,ND,11.7,24.2,40.4,ND,ND,,,,,,,,,,,2025-11-05,,,2025-11-04,,,,
2025-10-24,2025-10-22,울산,2025-D-0001-149,UJS-A068-08,2지역,,,,,,ND,10.2,8.01,14.8,30.6,49.3,ND,ND,,,,,,,,,,,2025-11-05,,,2025-11-04,,,,
2025-10-24,2025-10-22,울산,2025-D-0001-150,UJS-A069-01,1지역,,,,,,ND,20.9,6.88,43.8,23.5,61.7,ND,ND,,,,,,,,,,,2025-11-05,,,2025-11-04,,,,
2025-10-24,2025-10-22,울산,2025-D-0001-151,UJS-A069-02,1지역,,,,,,ND,10,4.23,10.6,21.3,34.9,ND,ND,,,,,,,,,,,2025-11-05,,,2025-11-04,,,,
2025-10-24,2025-10-22,울산,2025-D-0001-152,UJS-A069-03,1지역,,,,,,ND,11.5,6.84,11.6,23.6,40.3,ND,ND,,,,,,,,,,,2025-11-05,,,2025-11-04,,,,
2025-10-24,2025-10-22,울산,2025-D-0001-153,UJS-A069-04,1지역,,,,,,ND,13.2,3.75,13.9,24.6,41.2,ND,ND,,,,,,,,,,,2025-11-05,,,2025-11-04,,,,
2025-10-24,2025-10-22,울산,2025-D-0001-154,UJS-A069-05,1지역,,,,,,ND,15.5,5.02,10.6,19.6,31.1,ND,ND,,,,,,,,,,,2025-11-05,,,2025-11-04,,,,
2025-10-24,2025-10-22,울산,2025-D-0001-155,UJS-A069-06,1지역,,,,,,ND,14.7,2.2,11.3,25.3,36,ND,ND,,,,,,,,,,,2025-11-05,,,2025-11-04,,,,
2025-10-24,2025-10-22,울산,2025-D-0001-156,UJS-A069-07,1지역,,,,,,ND,15.4,5.18,12.1,29.1,42.6,ND,ND,,,,,,,,,,,2025-11-05,,,2025-11-04,,,,
2025-10-24,2025-10-22,울산,2025-D-0001-157,UJS-A069-08,1지역,,,,,,ND,13,3.89,13.9,33,53.3,ND,ND,,,,,,,,,,,2025-11-05,,,2025-11-04,,,,
2025-10-24,2025-10-22,울산,2025-D-0001-158,UJS-A072-01,1지역,,,,,,ND,158.7,4,779.2,23.4,64.2,ND,ND,,,,,,,,,,,2025-11-05,,,2025-11-04,,,,
2025-10-24,2025-10-22,울산,2025-D-0001-159,UJS-A072-02,1지역,,,,,,ND,34.3,5.46,175,23.1,42.2,ND,ND,,,,,,,,,,,2025-11-05,,,2025-11-04,,,,
2025-10-24,2025-10-22,울산,2025-D-0001-160,UJS-A072-03,1지역,,,,,,ND,37.7,5.87,83.7,26.4,42.8,ND,ND,,,,,,,,,,,2025-11-05,,,2025-11-04,,,,
2025-10-24,2025-10-22,울산,2025-D-0001-161,UJS-A072-04,1지역,,,,,,ND,18.4,6.2,53.1,23.6,38.3,ND,ND,,,,,,,,,,,2025-11-05,,,2025-11-04,,,,
2025-10-24,2025-10-22,울산,2025-D-0001-162,UJS-A072-05,1지역,,,,,,ND,14.9,6.28,12.9,24.6,36.5,ND,ND,,,,,,,,,,,2025-11-05,,,2025-11-04,,,,
2025-10-24,2025-10-22,울산,2025-D-0001-163,UJS-A072-06,1지역,,,,,,ND,13.4,2.38,12.4,29.7,40.1,ND,ND,,,,,,,,,,,2025-11-05,,,2025-11-04,,,,
2025-10-24,2025-10-22,울산,2025-D-0001-164,UJS-A072-07,1지역,,,,,,ND,9.4,3.26,9.2,23,36,ND,ND,,,,,,,,,,,2025-11-05,,,2025-11-04,,,,
2025-10-24,2025-10-22,울산,2025-D-0001-165,UJS-A072-08,1지역,,,,,,ND,14.9,ND,16.1,29.9,39.3,ND,ND,,,,,,,,,,,2025-11-05,,,2025-11-04,,,,
2025-10-24,2025-10-22,울산,2025-D-0001-166,UJS-A073-01,1지역,,,,,,ND,14.3,3.43,78.1,23.5,44,ND,ND,,,,,,,,,,,2025-11-05,,,2025-11-04,,,,
2025-10-24,2025-10-22,울산,2025-D-0001-167,UJS-A073-02,1지역,,,,,,ND,10.4,6.17,10.3,25.6,44.8,ND,ND,,,,,,,,,,,2025-11-05,,,2025-11-04,,,,
2025-10-24,2025-10-22,울산,2025-D-0001-168,UJS-A073-03,1지역,,,,,,ND,11.8,3.25,10.7,29,44.6,ND,ND,,,,,,,,,,,2025-11-05,,,2025-11-04,,,,
2025-10-24,2025-10-22,울산,2025-D-0001-169,UJS-A073-04,1지역,,,,,,ND,14.8,ND,10.5,31.3,45.4,ND,ND,,,,,,,,,,,2025-11-05,,,2025-11-04,,,,
2025-10-24,2025-10-22,울산,2025-D-0001-170,UJS-A073-05,1지역,,,,,,ND,15.9,4.36,13.4,35.2,52.2,ND,ND,,,,,,,,,,,2025-11-05,,,2025-11-04,,,,
2025-10-24,2025-10-22,울산,2025-D-0001-171,UJS-A073-06,1지역,,,,,,ND,9.5,5.17,8,30.5,49.6,ND,ND,,,,,,,,,,,2025-11-05,,,2025-11-04,,,,
2025-10-24,2025-10-22,울산,2025-D-0001-172,UJS-A070-01,1지역,,,,,,ND,17.1,ND,48.5,23.1,42.6,ND,ND,,,,,,,,,,,2025-11-05,,,2025-11-04,,,,
2025-10-24,2025-10-22,울산,2025-D-0001-173,UJS-A070-02,1지역,,,,,,ND,10.7,1.61,11.5,22.5,39.1,ND,ND,,,,,,,,,,,2025-11-05,,,2025-11-04,,,,
2025-10-24,2025-10-22,울산,2025-D-0001-174,UJS-A070-03,1지역,,,,,,ND,9.6,5.12,9.7,20.6,34.5,ND,ND,,,,,,,,,,,2025-11-05,,,2025-11-04,,,,
2025-10-24,2025-10-22,울산,2025-D-0001-175,UJS-A070-04,1지역,,,,,,ND,9.6,4.19,9.2,21.9,35.3,ND,ND,,,,,,,,,,,2025-11-05,,,2025-11-04,,,,
2025-10-24,2025-10-22,울산,2025-D-0001-176,UJS-A070-05,1지역,,,,,,ND,10.2,3.28,9.7,22.3,37.6,ND,ND,,,,,,,,,,,2025-11-05,,,2025-11-04,,,,
2025-10-24,2025-10-22,울산,2025-D-0001-177,UJS-A070-06,1지역,,,,,,ND,12.2,2.79,10.6,29.3,44.8,ND,ND,,,,,,,,,,,2025-11-05,,,2025-11-04,,,,
2025-10-24,2025-10-22,울산,2025-D-0001-178,UJS-A070-07,1지역,,,,,,ND,9,5.77,7.7,33.2,50.5,ND,ND,,,,,,,,,,,2025-11-05,,,2025-11-04,,,,
2025-10-24,2025-10-23,울산,2025-D-0001-179,UJS-A026-01,3지역,ND,ND,ND,ND,ND,,,,,,,,,,,,,,,,,,,2025-11-06,,2025-11-04,,,,,
2025-10-24,2025-10-23,울산,2025-D-0001-180,UJS-A026-02,3지역,ND,ND,ND,ND,ND,,,,,,,,,,,,,,,,,,,2025-11-06,,2025-11-04,,,,,
2025-10-24,2025-10-23,울산,2025-D-0001-181,UJS-A026-03,3지역,ND,ND,ND,ND,ND,,,,,,,,,,,,,,,,,,,2025-11-06,,2025-11-04,,,12/16 재채취함-데이터 비교 후 성적서에 둘중 하나 골라서 들어갈 예정,,
2025-10-24,2025-10-23,울산,2025-D-0001-182,UJS-A025-01,2지역,ND,ND,ND,ND,ND,,,,,,,,,,,,,,,,,,,2025-11-06,,2025-11-04,,,,,
2025-10-24,2025-10-23,울산,2025-D-0001-183,UJS-A025-02,2지역,ND,ND,ND,ND,ND,,,,,,,,,,,,,,,,,,,2025-11-06,,2025-11-04,,,,,
2025-10-24,2025-10-23,울산,2025-D-0001-184,UJS-A025-03,2지역,ND,ND,ND,ND,ND,,,,,,,,,,,,,,,,,,,2025-11-06,,2025-11-04,,,12/16 재채취함-데이터 비교 후 성적서에 둘중 하나 골라서 들어갈 예정,,
2025-10-24,2025-10-23,울산,2025-D-0001-185,UJS-A062-01,2지역,ND,ND,ND,ND,ND,ND,17.6,4.7,16.5,26.3,60.4,ND,ND,,,,,,,,,,,2025-11-06,,2025-11-04,2025-11-04,,,,
2025-10-24,2025-10-23,울산,2025-D-0001-186,UJS-A062-02,2지역,,,,,,ND,17.8,3.83,15.8,27,56,ND,ND,,,,,,,,,,,2025-11-06,,,2025-11-04,,,,
2025-10-24,2025-10-23,울산,2025-D-0001-187,UJS-A062-03,2지역,,,,,,ND,19,5.47,12.7,28,46.6,ND,ND,,,,,,,,,,,2025-11-06,,,2025-11-04,,,,
2025-10-24,2025-10-23,울산,2025-D-0001-188,UJS-A062-04,2지역,ND,ND,ND,ND,ND,ND,15.3,6.66,12.9,32.5,51.9,ND,ND,,,,,,,,,,,2025-11-06,,2025-11-04,2025-11-04,,,,
2025-10-24,2025-10-23,울산,2025-D-0001-189,UJS-A062-05,2지역,ND,ND,ND,ND,ND,ND,13.6,3.69,13.3,28.4,46.3,ND,ND,,,,,,,,,,,2025-11-06,,2025-11-04,2025-11-04,,,,
2025-12-18,2025-12-15,울산,2025-D-0001-190,UJS-B032-01,2지역,ND,ND,ND,ND,ND,,,,,,,,,,,,,,,,,,,2025-12-29,,2025-12-29,,,정밀조사,,
2025-12-18,2025-12-15,울산,2025-D-0001-191,UJS-B032-02,2지역,1058,ND,ND,ND,ND,,,,,,,,,,,,,,,,,,,2025-12-29,,2025-12-29,,,,,
2025-12-18,2025-12-15,울산,2025-D-0001-192,UJS-B032-03,2지역,1824,ND,ND,ND,ND,,,,,,,,,,,,,,,,,,,2025-12-29,,2025-12-29,,,,,
2025-12-18,2025-12-15,울산,2025-D-0001-193,UJS-B032-04,2지역,176,ND,ND,ND,ND,,,,,,,,,,,,,,,,,,,2025-12-29,,2025-12-29,,,,,
2025-12-18,2025-12-15,울산,2025-D-0001-194,UJS-B033-01,2지역,ND,ND,ND,ND,ND,,,,,,,,,,,,,,,,,,,2025-12-29,,2025-12-29,,,,,
2025-12-18,2025-12-15,울산,2025-D-0001-195,UJS-B033-02,2지역,ND,ND,ND,ND,ND,,,,,,,,,,,,,,,,,,,2025-12-29,,2025-12-29,,,,,
2025-12-18,2025-12-15,울산,2025-D-0001-196,UJS-B033-03,2지역,ND,ND,ND,ND,ND,,,,,,,,,,,,,,,,,,,2025-12-29,,2025-12-29,,,,,
2025-12-18,2025-12-15,울산,2025-D-0001-197,UJS-B033-04,2지역,ND,ND,ND,ND,ND,,,,,,,,,,,,,,,,,,,2025-12-29,,2025-12-29,,,,,
2025-12-18,2025-12-15,울산,2025-D-0001-198,UJS-B033-05,2지역,682,ND,ND,ND,ND,,,,,,,,,,,,,,,,,,,2025-12-29,,2025-12-29,,,,,
2025-12-18,2025-12-15,울산,2025-D-0001-199,UJS-B034-01,2지역,ND,ND,ND,ND,ND,,,,,,,,,,,,,,,,,,,2025-12-29,,2025-12-29,,,,,
2025-12-18,2025-12-15,울산,2025-D-0001-200,UJS-B034-02,2지역,141,ND,ND,ND,ND,,,,,,,,,,,,,,,,,,,2025-12-29,,2025-12-29,,,,,
2025-12-18,2025-12-15,울산,2025-D-0001-201,UJS-B034-03,2지역,982,ND,ND,ND,ND,,,,,,,,,,,,,,,,,,,2025-12-29,,2025-12-29,,,,,
2025-12-18,2025-12-15,울산,2025-D-0001-202,UJS-B034-04,2지역,341,ND,ND,ND,ND,,,,,,,,,,,,,,,,,,,2025-12-29,,2025-12-29,,,,,
2025-12-18,2025-12-15,울산,2025-D-0001-203,UJS-B034-05,2지역,ND,ND,ND,ND,ND,,,,,,,,,,,,,,,,,,,2025-12-29,,2025-12-29,,,,,
2025-12-18,2025-12-15,울산,2025-D-0001-204,UJS-B035-01,2지역,ND,ND,ND,ND,ND,,,,,,,,,,,,,,,,,,,2025-12-29,,2025-12-29,,,,,
2025-12-18,2025-12-15,울산,2025-D-0001-205,UJS-B035-02,2지역,ND,ND,ND,ND,ND,,,,,,,,,,,,,,,,,,,2025-12-29,,2025-12-29,,,,,
2025-12-18,2025-12-15,울산,2025-D-0001-206,UJS-B035-03,2지역,ND,ND,ND,ND,ND,,,,,,,,,,,,,,,,,,,2025-12-29,,2025-12-29,,,,,
2025-12-18,2025-12-15,울산,2025-D-0001-207,UJS-B035-04,2지역,ND,ND,ND,ND,ND,,,,,,,,,,,,,,,,,,,2025-12-29,,2025-12-29,,,,,
2025-12-18,2025-12-16,울산,2025-D-0001-208,UJS-B036-01,2지역,ND,ND,ND,ND,ND,,,,,,,,,,,,,,,,,,,2025-12-30,,2025-12-30,,,,,
2025-12-18,2025-12-16,울산,2025-D-0001-209,UJS-B036-02,2지역,ND,ND,ND,ND,ND,,,,,,,,,,,,,,,,,,,2025-12-30,,2025-12-30,,,,,
2025-12-18,2025-12-16,울산,2025-D-0001-210,UJS-B036-03,2지역,133,ND,ND,ND,ND,,,,,,,,,,,,,,,,,,,2025-12-30,,2025-12-30,,,,,
2025-12-18,2025-12-16,울산,2025-D-0001-211,UJS-B036-04,2지역,225,ND,ND,ND,ND,,,,,,,,,,,,,,,,,,,2025-12-30,,2025-12-30,,,,,
2025-12-18,2025-12-16,울산,2025-D-0001-212,UJS-B037-01,2지역,ND,ND,ND,ND,ND,,,,,,,,,,,,,,,,,,,2025-12-30,,2025-12-30,,,,,
2025-12-18,2025-12-16,울산,2025-D-0001-213,UJS-B037-02,2지역,ND,ND,ND,ND,ND,,,,,,,,,,,,,,,,,,,2025-12-30,,2025-12-30,,,,,
2025-12-18,2025-12-16,울산,2025-D-0001-214,UJS-B037-03,2지역,ND,ND,ND,ND,ND,,,,,,,,,,,,,,,,,,,2025-12-30,,2025-12-30,,,,,
2025-12-18,2025-12-16,울산,2025-D-0001-215,UJS-B037-04,2지역,ND,ND,ND,ND,ND,,,,,,,,,,,,,,,,,,,2025-12-30,,2025-12-30,,,,,
2025-12-18,2025-12-16,울산,2025-D-0001-216,UJS-B038-01,2지역,ND,ND,ND,ND,ND,,,,,,,,,,,,,,,,,,,2025-12-30,,2025-12-30,,,,,
2025-12-18,2025-12-16,울산,2025-D-0001-217,UJS-B038-02,2지역,ND,ND,ND,ND,ND,,,,,,,,,,,,,,,,,,,2025-12-30,,2025-12-30,,,,,
2025-12-18,2025-12-16,울산,2025-D-0001-218,UJS-B038-03,2지역,ND,ND,ND,ND,ND,,,,,,,,,,,,,,,,,,,2025-12-30,,2025-12-30,,,,,
2025-12-18,2025-12-16,울산,2025-D-0001-219,UJS-B038-04,2지역,ND,ND,ND,ND,ND,,,,,,,,,,,,,,,,,,,2025-12-30,,2025-12-30,,,,,
2025-12-18,2025-12-16,울산,2025-D-0001-220,UJS-B039-01,2지역,ND,ND,ND,ND,ND,,,,,,,,,,,,,,,,,,,2025-12-30,,2025-12-30,,,,,
2025-12-18,2025-12-16,울산,2025-D-0001-221,UJS-B039-02,2지역,ND,ND,ND,ND,ND,,,,,,,,,,,,,,,,,,,2025-12-30,,2025-12-30,,,,,
2025-12-18,2025-12-16,울산,2025-D-0001-222,UJS-B039-03,2지역,ND,ND,ND,ND,ND,,,,,,,,,,,,,,,,,,,2025-12-30,,2025-12-30,,,,,
2025-12-18,2025-12-16,울산,2025-D-0001-223,UJS-B039-04,2지역,ND,ND,ND,ND,ND,,,,,,,,,,,,,,,,,,,2025-12-30,,2025-12-30,,,,,
2025-12-18,2025-12-16,울산,2025-D-0001-224,UJS-B039-05,2지역,ND,ND,ND,ND,ND,,,,,,,,,,,,,,,,,,,2025-12-30,,2025-12-30,,,,,
2025-12-18,2025-12-16,울산,2025-D-0001-225,UJS-B039-06,2지역,ND,ND,ND,ND,ND,,,,,,,,,,,,,,,,,,,2025-12-30,,2025-12-30,,,,,
2025-12-18,2025-12-16,울산,2025-D-0001-227,UJS-A026-04,3지역,ND,ND,ND,ND,ND,,,,,,,,,,,,,,,,,,,2025-12-30,,2025-12-30,,,개황조사 추가심도,,
2025-12-18,2025-12-16,울산,2025-D-0001-229,UJS-A025-04,2지역,ND,ND,ND,ND,ND,,,,,,,,,,,,,,,,,,,2025-12-30,,2025-12-30,,,개황조사 추가심도,,
2025-12-18,2025-12-16,울산,2025-D-0001-230,UJS-A025-05,2지역,ND,ND,ND,ND,ND,,,,,,,,,,,,,,,,,,,2025-12-30,,2025-12-30,,,개황조사 추가심도,,
2025-12-18,2025-12-16,울산,2025-D-0001-231,UJS-A025-06,2지역,ND,ND,ND,ND,ND,,,,,,,,,,,,,,,,,,,2025-12-30,,2025-12-30,,,개황조사 추가심도,,
2025-12-18,2025-12-16,울산,2025-D-0001-232,UJS-B004-01,2지역,188,ND,ND,ND,ND,,,,,,,,,,,,,,,,,,,2025-12-30,,2025-12-30,,,,,
2025-12-18,2025-12-16,울산,2025-D-0001-233,UJS-B004-02,2지역,ND,ND,ND,ND,ND,,,,,,,,,,,,,,,,,,,2025-12-30,,2025-12-30,,,,,
2025-12-18,2025-12-16,울산,2025-D-0001-234,UJS-B004-03,2지역,ND,ND,ND,ND,ND,,,,,,,,,,,,,,,,,,,2025-12-30,,2025-12-30,,,,,
2025-12-18,2025-12-16,울산,2025-D-0001-235,UJS-B004-04,2지역,89,ND,ND,ND,ND,,,,,,,,,,,,,,,,,,,2025-12-30,,2025-12-30,,,,,
2025-12-18,2025-12-16,울산,2025-D-0001-236,UJS-B004-05,2지역,ND,ND,ND,ND,ND,,,,,,,,,,,,,,,,,,,2025-12-30,,2025-12-30,,,,,
2025-12-18,2025-12-16,울산,2025-D-0001-237,UJS-B001-01,2지역,ND,ND,ND,ND,ND,,,,,,,,,,,,,,,,,,,2025-12-30,,2025-12-30,,,,,
2025-12-18,2025-12-16,울산,2025-D-0001-238,UJS-B001-02,2지역,ND,ND,ND,ND,ND,,,,,,,,,,,,,,,,,,,2025-12-30,,2025-12-30,,,,,
2025-12-18,2025-12-16,울산,2025-D-0001-239,UJS-B001-03,2지역,ND,ND,ND,ND,ND,,,,,,,,,,,,,,,,,,,2025-12-30,,2025-12-30,,,,,
2025-12-18,2025-12-16,울산,2025-D-0001-240,UJS-B001-04,2지역,ND,ND,ND,ND,ND,,,,,,,,,,,,,,,,,,,2025-12-30,,2025-12-30,,,,,
2025-12-18,2025-12-16,울산,2025-D-0001-241,UJS-B001-05,2지역,ND,ND,ND,ND,ND,,,,,,,,,,,,,,,,,,,2025-12-30,,2025-12-30,,,,,
2025-12-18,2025-12-16,울산,2025-D-0001-242,UJS-B003-01,2지역,ND,ND,ND,ND,ND,,,,,,,,,,,,,,,,,,,2025-12-30,,2025-12-30,,,,,
2025-12-18,2025-12-16,울산,2025-D-0001-243,UJS-B003-02,2지역,ND,ND,ND,ND,ND,,,,,,,,,,,,,,,,,,,2025-12-30,,2025-12-30,,,,,
2025-12-18,2025-12-16,울산,2025-D-0001-244,UJS-B003-03,2지역,ND,ND,ND,ND,ND,,,,,,,,,,,,,,,,,,,2025-12-30,,2025-12-30,,,,,
2025-12-18,2025-12-16,울산,2025-D-0001-245,UJS-B003-04,2지역,ND,ND,ND,ND,ND,,,,,,,,,,,,,,,,,,,2025-12-30,,2025-12-30,,,,,
2025-12-18,2025-12-16,울산,2025-D-0001-246,UJS-B003-05,2지역,56,ND,ND,ND,ND,,,,,,,,,,,,,,,,,,,2025-12-30,,2025-12-30,,,,,
2025-12-18,2025-12-16,울산,2025-D-0001-247,UJS-B002-01,2지역,147,ND,ND,ND,ND,,,,,,,,,,,,,,,,,,,2025-12-30,,2025-12-30,,,,,
2025-12-18,2025-12-16,울산,2025-D-0001-248,UJS-B002-02,2지역,ND,ND,ND,ND,ND,,,,,,,,,,,,,,,,,,,2025-12-30,,2025-12-30,,,,,
2025-12-18,2025-12-16,울산,2025-D-0001-249,UJS-B002-03,2지역,ND,ND,ND,ND,ND,,,,,,,,,,,,,,,,,,,2025-12-30,,2025-12-30,,,,,
2025-12-18,2025-12-16,울산,2025-D-0001-250,UJS-B002-04,2지역,ND,ND,ND,ND,ND,,,,,,,,,,,,,,,,,,,2025-12-30,,2025-12-30,,,,,
2025-12-18,2025-12-16,울산,2025-D-0001-251,UJS-B002-05,2지역,ND,ND,ND,ND,ND,,,,,,,,,,,,,,,,,,,2025-12-30,,2025-12-30,,,,,
2025-12-18,2025-12-16,울산,2025-D-0001-252,UJS-A062-06,1지역,ND,ND,ND,ND,ND,,,,,,,,,,,,,,,,,,,2025-12-30,,2025-12-30,,,개황조사 추가심도,,
2025-12-18,2025-12-16,울산,2025-D-0001-253,UJS-A062-07,1지역,ND,ND,ND,ND,ND,,,,,,,,,,,,,,,,,,,2025-12-30,,2025-12-30,,,개황조사 추가심도,,
2025-12-18,2025-12-16,울산,2025-D-0001-254,UJS-A062-08,1지역,90,ND,ND,ND,ND,,,,,,,,,,,,,,,,,,,2025-12-30,,2025-12-30,,,개황조사 추가심도,,
2025-12-18,2025-12-16,울산,2025-D-0001-255,UJS-B005-01,2지역,ND,ND,ND,ND,ND,,,,,,,,,,,,,,,,,,,2025-12-30,,2025-12-30,,,,,
2025-12-18,2025-12-16,울산,2025-D-0001-256,UJS-B005-02,2지역,ND,ND,ND,ND,ND,,,,,,,,,,,,,,,,,,,2025-12-30,,2025-12-30,,,,,
2025-12-18,2025-12-16,울산,2025-D-0001-257,UJS-B005-03,2지역,ND,ND,ND,ND,ND,,,,,,,,,,,,,,,,,,,2025-12-30,,2025-12-30,,,,,
2025-12-18,2025-12-16,울산,2025-D-0001-258,UJS-B005-04,2지역,ND,ND,ND,ND,ND,,,,,,,,,,,,,,,,,,,2025-12-30,,2025-12-30,,,,,
2025-12-18,2025-12-16,울산,2025-D-0001-259,UJS-B007-01,2지역,ND,ND,ND,ND,ND,,,,,,,,,,,,,,,,,,,2025-12-30,,2025-12-30,,,,,
2025-12-18,2025-12-16,울산,2025-D-0001-260,UJS-B007-02,2지역,ND,ND,ND,ND,ND,,,,,,,,,,,,,,,,,,,2025-12-30,,2025-12-30,,,,,
2025-12-18,2025-12-16,울산,2025-D-0001-261,UJS-B007-03,2지역,ND,ND,ND,ND,ND,,,,,,,,,,,,,,,,,,,2025-12-30,,2025-12-30,,,,,
2025-12-18,2025-12-16,울산,2025-D-0001-262,UJS-B007-04,2지역,ND,ND,ND,ND,ND,,,,,,,,,,,,,,,,,,,2025-12-30,,2025-12-30,,,,,
2025-12-18,2025-12-16,울산,2025-D-0001-263,UJS-B008-01,2지역,ND,ND,ND,ND,ND,,,,,,,,,,,,,,,,,,,2025-12-30,,2025-12-30,,,,,
2025-12-18,2025-12-16,울산,2025-D-0001-264,UJS-B008-02,2지역,ND,ND,ND,ND,ND,,,,,,,,,,,,,,,,,,,2025-12-30,,2025-12-30,,,,,
2025-12-18,2025-12-16,울산,2025-D-0001-265,UJS-B008-03,2지역,ND,ND,ND,ND,ND,,,,,,,,,,,,,,,,,,,2025-12-30,,2025-12-30,,,,,
2025-12-18,2025-12-16,울산,2025-D-0001-266,UJS-B008-04,2지역,ND,ND,ND,ND,ND,,,,,,,,,,,,,,,,,,,2025-12-30,,2025-12-30,,,,,
2025-12-18,2025-12-16,울산,2025-D-0001-267,UJS-B040-01,2지역,ND,ND,ND,ND,ND,,,,,,,,,,,,,,,,,,,2025-12-30,,2025-12-30,,,,,
2025-12-18,2025-12-16,울산,2025-D-0001-268,UJS-B040-02,2지역,ND,ND,ND,ND,ND,,,,,,,,,,,,,,,,,,,2025-12-30,,2025-12-30,,,,,
2025-12-18,2025-12-16,울산,2025-D-0001-269,UJS-B040-03,2지역,ND,ND,ND,ND,ND,,,,,,,,,,,,,,,,,,,2025-12-30,,2025-12-30,,,,,
2025-12-18,2025-12-16,울산,2025-D-0001-270,UJS-B040-04,2지역,ND,ND,ND,ND,ND,,,,,,,,,,,,,,,,,,,2025-12-30,,2025-12-30,,,,,
2025-12-18,2025-12-16,울산,2025-D-0001-271,UJS-B006-01,2지역,ND,ND,ND,ND,ND,,,,,,,,,,,,,,,,,,,2025-12-30,,2025-12-30,,,,,
2025-12-18,2025-12-16,울산,2025-D-0001-272,UJS-B006-02,2지역,ND,ND,ND,ND,ND,,,,,,,,,,,,,,,,,,,2025-12-30,,2025-12-30,,,,,
2025-12-18,2025-12-16,울산,2025-D-0001-273,UJS-B006-03,2지역,ND,ND,ND,ND,ND,,,,,,,,,,,,,,,,,,,2025-12-30,,2025-12-30,,,,,
2025-12-18,2025-12-16,울산,2025-D-0001-274,UJS-B006-04,2지역,ND,ND,ND,ND,ND,,,,,,,,,,,,,,,,,,,2025-12-30,,2025-12-30,,,,,
2025-12-22,2025-12-17,울산,2025-D-0001-275,UJS-B013-01,2지역,,,,,,,22.7,,18.7,,,,,,,,,,,,,,,2025-12-31,,,2025-12-29,,,,
2025-12-22,2025-12-17,울산,2025-D-0001-276,UJS-B013-02,2지역,,,,,,,14.6,,12.8,,,,,,,,,,,,,,,2025-12-31,,,2025-12-29,,,,
2025-12-22,2025-12-17,울산,2025-D-0001-277,UJS-B013-03,2지역,,,,,,,14.5,,11.1,,,,,,,,,,,,,,,2025-12-31,,,2025-12-29,,,,
2025-12-22,2025-12-17,울산,2025-D-0001-278,UJS-B013-04,2지역,,,,,,,14.6,,10.2,,,,,,,,,,,,,,,2025-12-31,,,2025-12-29,,,,
2025-12-22,2025-12-17,울산,2025-D-0001-279,UJS-B013-05,2지역,,,,,,,17.9,,11.5,,,,,,,,,,,,,,,2025-12-31,,,2025-12-29,,,,
2025-12-22,2025-12-17,울산,2025-D-0001-280,UJS-B013-06,2지역,,,,,,,26.5,,5.4,,,,,,,,,,,,,,,2025-12-31,,,2025-12-29,,,,
2025-12-22,2025-12-17,울산,2025-D-0001-281,UJS-B009-01,2지역,,,,,,,19.2,,14.7,,,,,,,,,,,,,,,2025-12-31,,,2025-12-29,,,,
2025-12-22,2025-12-17,울산,2025-D-0001-282,UJS-B009-02,2지역,,,,,,,19.2,,15.6,,,,,,,,,,,,,,,2025-12-31,,,2025-12-29,,,,
2025-12-22,2025-12-17,울산,2025-D-0001-283,UJS-B009-03,2지역,,,,,,,16.5,,21.5,,,,,,,,,,,,,,,2025-12-31,,,2025-12-29,,,,
2025-12-22,2025-12-17,울산,2025-D-0001-284,UJS-B009-04,2지역,,,,,,,12.5,,10.7,,,,,,,,,,,,,,,2025-12-31,,,2025-12-29,,,,
2025-12-22,2025-12-17,울산,2025-D-0001-285,UJS-B009-05,2지역,,,,,,,15.7,,12.9,,,,,,,,,,,,,,,2025-12-31,,,2025-12-29,,,,
2025-12-22,2025-12-17,울산,2025-D-0001-286,UJS-B009-06,2지역,,,,,,,22,,13.4,,,,,,,,,,,,,,,2025-12-31,,,2025-12-29,,,,
2025-12-22,2025-12-17,울산,2025-D-0001-287,UJS-B009-07,2지역,,,,,,,9.6,,12.7,,,,,,,,,,,,,,,2025-12-31,,,2025-12-29,,,,
2025-12-22,2025-12-17,울산,2025-D-0001-288,UJS-B011-01,2지역,,,,,,,10,,13.8,,,,,,,,,,,,,,,2025-12-31,,,2025-12-29,,,,
2025-12-22,2025-12-17,울산,2025-D-0001-289,UJS-B011-02,2지역,,,,,,,9.2,,10.8,,,,,,,,,,,,,,,2025-12-31,,,2025-12-29,,,,
2025-12-22,2025-12-17,울산,2025-D-0001-290,UJS-B011-03,2지역,,,,,,,10.9,,11.2,,,,,,,,,,,,,,,2025-12-31,,,2025-12-29,,,,
2025-12-22,2025-12-17,울산,2025-D-0001-291,UJS-B011-04,2지역,,,,,,,12.9,,10.5,,,,,,,,,,,,,,,2025-12-31,,,2025-12-29,,,,
2025-12-22,2025-12-17,울산,2025-D-0001-292,UJS-B011-05,2지역,,,,,,,10.6,,10.6,,,,,,,,,,,,,,,2025-12-31,,,2025-12-29,,,,
2025-12-22,2025-12-17,울산,2025-D-0001-293,UJS-B011-06,2지역,,,,,,,11.5,,11.5,,,,,,,,,,,,,,,2025-12-31,,,2025-12-29,,,,
2025-12-22,2025-12-17,울산,2025-D-0001-294,UJS-B011-07,2지역,,,,,,,18.7,,11.5,,,,,,,,,,,,,,,2025-12-31,,,2025-12-29,,,,
2025-12-22,2025-12-17,울산,2025-D-0001-295,UJS-B011-08,2지역,,,,,,,7.1,,7.7,,,,,,,,,,,,,,,2025-12-31,,,2025-12-29,,,,
2025-12-22,2025-12-17,울산,2025-D-0001-296,UJS-B012-01,2지역,,,,,,,12.3,,12,,,,,,,,,,,,,,,2025-12-31,,,2025-12-29,,,,
2025-12-22,2025-12-17,울산,2025-D-0001-297,UJS-B012-02,2지역,,,,,,,12.5,,12.2,,,,,,,,,,,,,,,2025-12-31,,,2025-12-29,,,,
2025-12-22,2025-12-17,울산,2025-D-0001-298,UJS-B012-03,2지역,,,,,,,11.4,,11.1,,,,,,,,,,,,,,,2025-12-31,,,2025-12-29,,,,
2025-12-22,2025-12-17,울산,2025-D-0001-299,UJS-B012-04,2지역,,,,,,,13.3,,11.5,,,,,,,,,,,,,,,2025-12-31,,,2025-12-29,,,,
2025-12-22,2025-12-17,울산,2025-D-0001-300,UJS-B012-05,2지역,,,,,,,12.7,,11.2,,,,,,,,,,,,,,,2025-12-31,,,2025-12-29,,,,
2025-12-22,2025-12-17,울산,2025-D-0001-301,UJS-B012-06,2지역,,,,,,,14.1,,10.6,,,,,,,,,,,,,,,2025-12-31,,,2025-12-29,,,,
2025-12-22,2025-12-17,울산,2025-D-0001-302,UJS-B012-07,2지역,,,,,,,7,,6.5,,,,,,,,,,,,,,,2025-12-31,,,2025-12-29,,,,
2025-12-22,2025-12-17,울산,2025-D-0001-303,UJS-A067-02,2지역,,,,,,,12.8,,10.9,,,,,,,,,,,,,,,2025-12-31,,,2025-12-29,,개황조사 추가심도,,
2025-12-22,2025-12-17,울산,2025-D-0001-304,UJS-A067-03,2지역,,,,,,,9.4,,10.3,,,,,,,,,,,,,,,2025-12-31,,,2025-12-29,,개황조사 추가심도,,
2025-12-22,2025-12-17,울산,2025-D-0001-305,UJS-A067-04,2지역,,,,,,,9.9,,10.7,,,,,,,,,,,,,,,2025-12-31,,,2025-12-29,,개황조사 추가심도,,
2025-12-22,2025-12-17,울산,2025-D-0001-306,UJS-A067-05,2지역,,,,,,,15.6,,11.9,,,,,,,,,,,,,,,2025-12-31,,,2025-12-29,,개황조사 추가심도,,
2025-12-22,2025-12-17,울산,2025-D-0001-307,UJS-A067-06,2지역,,,,,,,15.6,,11.5,,,,,,,,,,,,,,,2025-12-31,,,2025-12-29,,개황조사 추가심도,,
2025-12-22,2025-12-17,울산,2025-D-0001-308,UJS-A067-07,2지역,,,,,,,12.8,,11.1,,,,,,,,,,,,,,,2025-12-31,,,2025-12-29,,개황조사 추가심도,,
2025-12-22,2025-12-17,울산,2025-D-0001-309,UJS-B010-01,2지역,,,,,,,11.4,,18.5,,,,,,,,,,,,,,,2025-12-31,,,2025-12-29,,,,
2025-12-22,2025-12-17,울산,2025-D-0001-310,UJS-B010-02,2지역,,,,,,,8.3,,12.2,,,,,,,,,,,,,,,2025-12-31,,,2025-12-29,,,,
2025-12-22,2025-12-17,울산,2025-D-0001-311,UJS-B010-03,2지역,,,,,,,9.7,,11.8,,,,,,,,,,,,,,,2025-12-31,,,2025-12-29,,,,
2025-12-22,2025-12-17,울산,2025-D-0001-312,UJS-B010-04,2지역,,,,,,,11.9,,12.1,,,,,,,,,,,,,,,2025-12-31,,,2025-12-29,,,,
2025-12-22,2025-12-17,울산,2025-D-0001-313,UJS-B010-05,2지역,,,,,,,9,,10.7,,,,,,,,,,,,,,,2025-12-31,,,2025-12-29,,,,
2025-12-22,2025-12-17,울산,2025-D-0001-314,UJS-B010-06,2지역,,,,,,,3.4,,5.8,,,,,,,,,,,,,,,2025-12-31,,,2025-12-29,,,,
2025-12-22,2025-12-17,울산,2025-D-0001-315,UJS-B030-01,1지역,,,,,,,17.7,,15.4,,,,,,,,,,,,,,,2025-12-31,,,2025-12-31,,,,
2025-12-22,2025-12-17,울산,2025-D-0001-316,UJS-B030-02,1지역,,,,,,,18.4,,18.8,,,,,,,,,,,,,,,2025-12-31,,,2025-12-31,,,,
2025-12-22,2025-12-17,울산,2025-D-0001-317,UJS-B030-03,1지역,,,,,,,21.7,,22.1,,,,,,,,,,,,,,,2025-12-31,,,2025-12-31,,,,
2025-12-22,2025-12-17,울산,2025-D-0001-318,UJS-B030-04,1지역,,,,,,,26.9,,19.6,,,,,,,,,,,,,,,2025-12-31,,,2025-12-31,,,,
2025-12-22,2025-12-17,울산,2025-D-0001-319,UJS-B030-05,1지역,,,,,,,18.2,,17.1,,,,,,,,,,,,,,,2025-12-31,,,2025-12-31,,,,
2025-12-22,2025-12-17,울산,2025-D-0001-320,UJS-B031-01,1지역,,,,,,,32.8,,29.1,,,,,,,,,,,,,,,2025-12-31,,,2025-12-31,,,,
2025-12-22,2025-12-17,울산,2025-D-0001-321,UJS-B031-02,1지역,,,,,,,17.8,,15.5,,,,,,,,,,,,,,,2025-12-31,,,2025-12-31,,,,
2025-12-22,2025-12-17,울산,2025-D-0001-322,UJS-B031-03,1지역,,,,,,,16,,13.9,,,,,,,,,,,,,,,2025-12-31,,,2025-12-31,,,,
2025-12-22,2025-12-17,울산,2025-D-0001-323,UJS-B031-04,1지역,,,,,,,16.6,,11.7,,,,,,,,,,,,,,,2025-12-31,,,2025-12-31,,,,
2025-12-22,2025-12-17,울산,2025-D-0001-324,UJS-B031-05,1지역,,,,,,,21.4,,22.1,,,,,,,,,,,,,,,2025-12-31,,,2025-12-31,,,,
2025-12-22,2025-12-17,울산,2025-D-0001-325,UJS-B031-06,1지역,,,,,,,16.8,,16.3,,,,,,,,,,,,,,,2025-12-31,,,2025-12-31,,,,
2025-12-22,2025-12-17,울산,2025-D-0001-326,UJS-A078-02,1지역,,,,,,,17.3,,16.5,,,,,,,,,,,,,,,2025-12-31,,,2025-12-31,,개황조사 추가심도,,
2025-12-22,2025-12-17,울산,2025-D-0001-327,UJS-A078-03,1지역,,,,,,,14.8,,15.4,,,,,,,,,,,,,,,2025-12-31,,,2025-12-31,,개황조사 추가심도,,
2025-12-22,2025-12-17,울산,2025-D-0001-328,UJS-A078-04,1지역,,,,,,,19,,15.7,,,,,,,,,,,,,,,2025-12-31,,,2025-12-31,,개황조사 추가심도,,
2025-12-22,2025-12-17,울산,2025-D-0001-329,UJS-A078-05,1지역,,,,,,,16.4,,14.2,,,,,,,,,,,,,,,2025-12-31,,,2025-12-31,,개황조사 추가심도,,
2025-12-22,2025-12-17,울산,2025-D-0001-330,UJS-A078-06,1지역,,,,,,,23.4,,14.2,,,,,,,,,,,,,,,2025-12-31,,,2025-12-31,,개황조사 추가심도,,
2025-12-22,2025-12-17,울산,2025-D-0001-331,UJS-B029-01,1지역,,,,,,,39.9,,189.2,,,,,,,,,,,,,,,2025-12-31,,,2025-12-31,,,,
2025-12-22,2025-12-17,울산,2025-D-0001-332,UJS-B029-02,1지역,,,,,,,52.9,,173.3,,,,,,,,,,,,,,,2025-12-31,,,2025-12-31,,,,
2025-12-22,2025-12-17,울산,2025-D-0001-333,UJS-B029-03,1지역,,,,,,,25.3,,21.4,,,,,,,,,,,,,,,2025-12-31,,,2025-12-31,,,,
2025-12-22,2025-12-17,울산,2025-D-0001-334,UJS-B029-04,1지역,,,,,,,20,,14.2,,,,,,,,,,,,,,,2025-12-31,,,2025-12-31,,,,
2025-12-22,2025-12-17,울산,2025-D-0001-335,UJS-B029-05,1지역,,,,,,,19.2,,14.7,,,,,,,,,,,,,,,2025-12-31,,,2025-12-31,,,,
2025-12-22,2025-12-17,울산,2025-D-0001-336,UJS-B028-01,1지역,,,,,,,60.3,,370.2,,,,,,,,,,,,,,,2025-12-31,,,2025-12-31,,,,
2025-12-22,2025-12-17,울산,2025-D-0001-337,UJS-B028-02,1지역,,,,,,,41.9,,169.6,,,,,,,,,,,,,,,2025-12-31,,,2025-12-31,,,,
2025-12-22,2025-12-17,울산,2025-D-0001-338,UJS-B028-03,1지역,,,,,,,30.2,,173.2,,,,,,,,,,,,,,,2025-12-31,,,2025-12-31,,,,
2025-12-22,2025-12-17,울산,2025-D-0001-339,UJS-B028-04,1지역,,,,,,,14.1,,56.4,,,,,,,,,,,,,,,2025-12-31,,,2025-12-31,,,,
2025-12-22,2025-12-17,울산,2025-D-0001-340,UJS-B028-05,1지역,,,,,,,8.2,,11.5,,,,,,,,,,,,,,,2025-12-31,,,2025-12-31,,,,
2025-12-22,2025-12-17,울산,2025-D-0001-341,UJS-B028-06,1지역,,,,,,,12.9,,11.6,,,,,,,,,,,,,,,2025-12-31,,,2025-12-31,,,,
2025-12-22,2025-12-17,울산,2025-D-0001-342,UJS-B025-01,1지역,,,,,,,118.9,,964.8,,,,,,,,,,,,,,,2025-12-31,,,2025-12-31,,,,
2025-12-22,2025-12-17,울산,2025-D-0001-343,UJS-B025-02,1지역,,,,,,,61.3,,157.4,,,,,,,,,,,,,,,2025-12-31,,,2025-12-31,,,,
2025-12-22,2025-12-17,울산,2025-D-0001-344,UJS-B025-03,1지역,,,,,,,16.1,,24.4,,,,,,,,,,,,,,,2025-12-31,,,2025-12-31,,,,
2025-12-22,2025-12-17,울산,2025-D-0001-345,UJS-B025-04,1지역,,,,,,,18.6,,13.7,,,,,,,,,,,,,,,2025-12-31,,,2025-12-31,,,,
2025-12-22,2025-12-17,울산,2025-D-0001-346,UJS-B026-01,1지역,,,,,,,75.4,,915.9,,,,,,,,,,,,,,,2025-12-31,,,2025-12-31,,,,
2025-12-22,2025-12-17,울산,2025-D-0001-347,UJS-B026-02,1지역,,,,,,,21,,141.7,,,,,,,,,,,,,,,2025-12-31,,,2025-12-31,,,,
2025-12-22,2025-12-17,울산,2025-D-0001-348,UJS-B026-03,1지역,,,,,,,12.9,,19.6,,,,,,,,,,,,,,,2025-12-31,,,2025-12-31,,,,
2025-12-22,2025-12-17,울산,2025-D-0001-349,UJS-B026-04,1지역,,,,,,,21.9,,24.8,,,,,,,,,,,,,,,2025-12-31,,,2025-12-31,,,,
2025-12-22,2025-12-17,울산,2025-D-0001-350,UJS-B026-05,1지역,,,,,,,26.3,,21.8,,,,,,,,,,,,,,,2025-12-31,,,2025-12-31,,,,
2025-12-22,2025-12-17,울산,2025-D-0001-351,UJS-B027-01,1지역,,,,,,,121,,682.7,,,,,,,,,,,,,,,2025-12-31,,,2025-12-31,,,,
2025-12-22,2025-12-17,울산,2025-D-0001-352,UJS-B027-02,1지역,,,,,,,16.4,,36.1,,,,,,,,,,,,,,,2025-12-31,,,2025-12-31,,,,
2025-12-22,2025-12-17,울산,2025-D-0001-353,UJS-B027-03,1지역,,,,,,,13.4,,18.3,,,,,,,,,,,,,,,2025-12-31,,,2025-12-31,,,,
2025-12-22,2025-12-17,울산,2025-D-0001-354,UJS-B027-04,1지역,,,,,,,20.5,,58.7,,,,,,,,,,,,,,,2025-12-31,,,2025-12-31,,,,
2025-12-22,2025-12-17,울산,2025-D-0001-355,UJS-B027-05,1지역,,,,,,,21.6,,18.2,,,,,,,,,,,,,,,2025-12-31,,,2026-01-05,,,,
2025-12-22,2025-12-17,울산,2025-D-0001-356,UJS-B027-06,1지역,,,,,,,31.4,,23.9,,,,,,,,,,,,,,,2025-12-31,,,2026-01-05,,,,
2025-12-22,2025-12-17,울산,2025-D-0001-357,UJS-B027-07,1지역,,,,,,,9.8,,16.4,,,,,,,,,,,,,,,2025-12-31,,,2026-01-05,,,,
2025-12-22,2025-12-17,울산,2025-D-0001-358,UJS-B022-01,1지역,,,,,,,82.3,,592.7,,,,,,,,,,,,,,,2025-12-31,,,2026-01-05,,,,
2025-12-22,2025-12-17,울산,2025-D-0001-359,UJS-B022-02,1지역,,,,,,,19.8,,35.8,,,,,,,,,,,,,,,2025-12-31,,,2026-01-05,,,,
2025-12-22,2025-12-17,울산,2025-D-0001-360,UJS-B022-03,1지역,,,,,,,22.4,,34.5,,,,,,,,,,,,,,,2025-12-31,,,2026-01-05,,,,
2025-12-22,2025-12-17,울산,2025-D-0001-361,UJS-B022-04,1지역,,,,,,,17.3,,15.1,,,,,,,,,,,,,,,2025-12-31,,,2026-01-05,,,,
2025-12-22,2025-12-17,울산,2025-D-0001-362,UJS-B022-05,1지역,,,,,,,19,,32.8,,,,,,,,,,,,,,,2025-12-31,,,2026-01-05,,,,
2025-12-22,2025-12-17,울산,2025-D-0001-363,UJS-B022-06,1지역,,,,,,,23.7,,12.3,,,,,,,,,,,,,,,2025-12-31,,,2026-01-05,,,,
2025-12-22,2025-12-17,울산,2025-D-0001-364,UJS-B023-01,1지역,,,,,,,79.4,,465.6,,,,,,,,,,,,,,,2025-12-31,,,2026-01-05,,,,
2025-12-22,2025-12-17,울산,2025-D-0001-365,UJS-B023-02,1지역,,,,,,,24.4,,61.6,,,,,,,,,,,,,,,2025-12-31,,,2026-01-05,,,,
2025-12-22,2025-12-17,울산,2025-D-0001-366,UJS-B023-03,1지역,,,,,,,21.9,,47.9,,,,,,,,,,,,,,,2025-12-31,,,2026-01-05,,,,
2025-12-22,2025-12-17,울산,2025-D-0001-367,UJS-B023-04,1지역,,,,,,,18.2,,31.2,,,,,,,,,,,,,,,2025-12-31,,,2026-01-05,,,,
2025-12-22,2025-12-17,울산,2025-D-0001-368,UJS-B023-05,1지역,,,,,,,11.8,,9.6,,,,,,,,,,,,,,,2025-12-31,,,2026-01-05,,,,
2025-12-22,2025-12-17,울산,2025-D-0001-369,UJS-B021-01,1지역,,,,,,,281.4,,1292.4,,,,,,,,,,,,,,,2025-12-31,,,2026-01-05,,,,
2025-12-22,2025-12-17,울산,2025-D-0001-370,UJS-B021-02,1지역,,,,,,,24.3,,61.4,,,,,,,,,,,,,,,2025-12-31,,,2026-01-05,,,,
2025-12-22,2025-12-17,울산,2025-D-0001-371,UJS-B021-03,1지역,,,,,,,14.8,,14.3,,,,,,,,,,,,,,,2025-12-31,,,2026-01-05,,,,
2025-12-22,2025-12-17,울산,2025-D-0001-372,UJS-B021-04,1지역,,,,,,,18.6,,22.9,,,,,,,,,,,,,,,2025-12-31,,,2026-01-05,,,,
2025-12-22,2025-12-17,울산,2025-D-0001-373,UJS-B021-05,1지역,,,,,,,16.2,,11.4,,,,,,,,,,,,,,,2025-12-31,,,2026-01-05,,,,
2025-12-22,2025-12-17,울산,2025-D-0001-374,UJS-B021-06,1지역,,,,,,,15.5,,12.7,,,,,,,,,,,,,,,2025-12-31,,,2026-01-05,,,,
2025-12-22,2025-12-17,울산,2025-D-0001-375,UJS-B020-01,1지역,,,,,,,16.4,,20.6,,,,,,,,,,,,,,,2025-12-31,,,2026-01-05,,,,
2025-12-22,2025-12-17,울산,2025-D-0001-376,UJS-B020-02,1지역,,,,,,,12.6,,12.4,,,,,,,,,,,,,,,2025-12-31,,,2026-01-05,,,,
2025-12-22,2025-12-17,울산,2025-D-0001-377,UJS-B020-03,1지역,,,,,,,11.4,,10.8,,,,,,,,,,,,,,,2025-12-31,,,2026-01-05,,,,
2025-12-22,2025-12-17,울산,2025-D-0001-378,UJS-B020-04,1지역,,,,,,,14.2,,10.3,,,,,,,,,,,,,,,2025-12-31,,,2026-01-05,,,,
2025-12-22,2025-12-17,울산,2025-D-0001-379,UJS-B020-05,1지역,,,,,,,13.5,,10.3,,,,,,,,,,,,,,,2025-12-31,,,2026-01-05,,,,
2025-12-22,2025-12-17,울산,2025-D-0001-380,UJS-B020-06,1지역,,,,,,,18.2,,11.2,,,,,,,,,,,,,,,2025-12-31,,,2026-01-05,,,,
2025-12-22,2025-12-17,울산,2025-D-0001-381,UJS-B020-07,1지역,,,,,,,33.7,,3.4,,,,,,,,,,,,,,,2025-12-31,,,2026-01-05,,,,
2025-12-22,2025-12-18,울산,2025-D-0001-382,UJS-B019-01,1지역,,,,,,,20.7,,59.3,,,,,,,,,,,,,,,2026-01-01,,,2026-01-05,,,,
2025-12-22,2025-12-18,울산,2025-D-0001-383,UJS-B019-02,1지역,,,,,,,14,,23.9,,,,,,,,,,,,,,,2026-01-01,,,2026-01-05,,,,
2025-12-22,2025-12-18,울산,2025-D-0001-384,UJS-B019-03,1지역,,,,,,,12.5,,13.8,,,,,,,,,,,,,,,2026-01-01,,,2026-01-05,,,,
2025-12-22,2025-12-18,울산,2025-D-0001-385,UJS-B019-04,1지역,,,,,,,13.5,,14.8,,,,,,,,,,,,,,,2026-01-01,,,2026-01-05,,,,
2025-12-22,2025-12-18,울산,2025-D-0001-386,UJS-B019-05,1지역,,,,,,,13.3,,11.8,,,,,,,,,,,,,,,2026-01-01,,,2026-01-05,,,,
2025-12-22,2025-12-18,울산,2025-D-0001-387,UJS-B019-06,1지역,,,,,,,16.4,,11.5,,,,,,,,,,,,,,,2026-01-01,,,2026-01-05,,,,
2025-12-22,2025-12-18,울산,2025-D-0001-388,UJS-B019-07,1지역,,,,,,,19.7,,14.8,,,,,,,,,,,,,,,2026-01-01,,,2026-01-05,,,,
2025-12-22,2025-12-18,울산,2025-D-0001-389,UJS-B018-01,1지역,,,,,,,33.5,,139.4,,,,,,,,,,,,,,,2026-01-01,,,2026-01-05,,,,
2025-12-22,2025-12-18,울산,2025-D-0001-390,UJS-B018-02,1지역,,,,,,,13.4,,22.8,,,,,,,,,,,,,,,2026-01-01,,,2026-01-05,,,,
2025-12-22,2025-12-18,울산,2025-D-0001-391,UJS-B018-03,1지역,,,,,,,11.7,,13.7,,,,,,,,,,,,,,,2026-01-01,,,2026-01-05,,,,
2025-12-22,2025-12-18,울산,2025-D-0001-392,UJS-B018-04,1지역,,,,,,,12.9,,13.6,,,,,,,,,,,,,,,2026-01-01,,,2026-01-05,,,,
2025-12-22,2025-12-18,울산,2025-D-0001-393,UJS-B018-05,1지역,,,,,,,14.7,,11.2,,,,,,,,,,,,,,,2026-01-01,,,2026-01-05,,,,
2025-12-22,2025-12-18,울산,2025-D-0001-394,UJS-B018-06,1지역,,,,,,,31.9,,16,,,,,,,,,,,,,,,2026-01-01,,,2026-01-05,,,,
2025-12-22,2025-12-18,울산,2025-D-0001-395,UJS-B018-07,1지역,,,,,,,6.8,,10,,,,,,,,,,,,,,,2026-01-01,,,2026-01-06,,,,
2025-12-22,2025-12-18,울산,2025-D-0001-396,UJS-B014-01,1지역,,,,,,,50.6,,424.3,,,,,,,,,,,,,,,2026-01-01,,,2026-01-06,,,,
2025-12-22,2025-12-18,울산,2025-D-0001-397,UJS-B014-02,1지역,,,,,,,15.8,,64.8,,,,,,,,,,,,,,,2026-01-01,,,2026-01-06,,,,
2025-12-22,2025-12-18,울산,2025-D-0001-398,UJS-B014-03,1지역,,,,,,,14.1,,40.1,,,,,,,,,,,,,,,2026-01-01,,,2026-01-06,,,,
2025-12-22,2025-12-18,울산,2025-D-0001-399,UJS-B014-04,1지역,,,,,,,13.8,,14.5,,,,,,,,,,,,,,,2026-01-01,,,2026-01-06,,,,
2025-12-22,2025-12-18,울산,2025-D-0001-400,UJS-B014-05,1지역,,,,,,,22.1,,65.3,,,,,,,,,,,,,,,2026-01-01,,,2026-01-06,,,,
2025-12-22,2025-12-18,울산,2025-D-0001-401,UJS-B014-06,1지역,,,,,,,16.5,,18.7,,,,,,,,,,,,,,,2026-01-01,,,2026-01-06,,,,
2025-12-22,2025-12-18,울산,2025-D-0001-402,UJS-B014-07,1지역,,,,,,,19.8,,14.6,,,,,,,,,,,,,,,2026-01-01,,,2026-01-06,,,,
2025-12-22,2025-12-18,울산,2025-D-0001-403,UJS-B017-01,1지역,,,,,,,19.4,,31.5,,,,,,,,,,,,,,,2026-01-01,,,2026-01-06,,,,
2025-12-22,2025-12-18,울산,2025-D-0001-404,UJS-B017-02,1지역,,,,,,,16.3,,14.3,,,,,,,,,,,,,,,2026-01-01,,,2026-01-06,,,,
2025-12-22,2025-12-18,울산,2025-D-0001-405,UJS-B017-03,1지역,,,,,,,14.9,,11.4,,,,,,,,,,,,,,,2026-01-01,,,2026-01-06,,,,
2025-12-22,2025-12-18,울산,2025-D-0001-406,UJS-B017-04,1지역,,,,,,,14.4,,13.6,,,,,,,,,,,,,,,2026-01-01,,,2026-01-06,,,,
2025-12-22,2025-12-18,울산,2025-D-0001-407,UJS-B017-05,1지역,,,,,,,12.2,,11.9,,,,,,,,,,,,,,,2026-01-01,,,2026-01-06,,,,
2025-12-22,2025-12-18,울산,2025-D-0001-408,UJS-B017-06,1지역,,,,,,,15.1,,11.1,,,,,,,,,,,,,,,2026-01-01,,,2026-01-06,,,,
2025-12-22,2025-12-18,울산,2025-D-0001-409,UJS-B017-07,1지역,,,,,,,9.4,,12.6,,,,,,,,,,,,,,,2026-01-01,,,2026-01-06,,,,
2025-12-22,2025-12-18,울산,2025-D-0001-410,UJS-B017-08,1지역,,,,,,,3.9,,9.5,,,,,,,,,,,,,,,2026-01-01,,,2026-01-06,,,,
2025-12-22,2025-12-18,울산,2025-D-0001-411,UJS-B015-01,1지역,,,,,,,76,,624.8,,,,,,,,,,,,,,,2026-01-01,,,2026-01-06,,,,
2025-12-22,2025-12-18,울산,2025-D-0001-412,UJS-B015-02,1지역,,,,,,,23.3,,73.4,,,,,,,,,,,,,,,2026-01-01,,,2026-01-06,,,,
2025-12-22,2025-12-18,울산,2025-D-0001-413,UJS-B015-03,1지역,,,,,,,18.4,,21,,,,,,,,,,,,,,,2026-01-01,,,2026-01-06,,,,
2025-12-22,2025-12-18,울산,2025-D-0001-414,UJS-B015-04,1지역,,,,,,,17.5,,16.2,,,,,,,,,,,,,,,2026-01-01,,,2026-01-06,,,,
2025-12-22,2025-12-18,울산,2025-D-0001-416,UJS-B015-06,1지역,,,,,,,15.7,,19.6,,,,,,,,,,,,,,,2026-01-01,,,2026-01-06,,,,
2025-12-22,2025-12-18,울산,2025-D-0001-417,UJS-B015-07,1지역,,,,,,,8.9,,18.4,,,,,,,,,,,,,,,2026-01-01,,,2026-01-06,,,,
2025-12-22,2025-12-18,울산,2025-D-0001-418,UJS-B015-08,1지역,,,,,,,2.9,,12.3,,,,,,,,,,,,,,,2026-01-01,,,2026-01-06,,,,
2025-12-22,2025-12-18,울산,2025-D-0001-419,UJS-B016-01,1지역,,,,,,,275.9,,1796.6,,,,,,,,,,,,,,,2026-01-01,,,2026-01-06,,,,
2025-12-22,2025-12-18,울산,2025-D-0001-420,UJS-B016-02,1지역,,,,,,,29.4,,115.5,,,,,,,,,,,,,,,2026-01-01,,,2026-01-06,,,,
2025-12-22,2025-12-18,울산,2025-D-0001-421,UJS-B016-03,1지역,,,,,,,20.7,,20,,,,,,,,,,,,,,,2026-01-01,,,2026-01-06,,,,
2025-12-22,2025-12-18,울산,2025-D-0001-422,UJS-B016-04,1지역,,,,,,,23.9,,15.6,,,,,,,,,,,,,,,2026-01-01,,,2026-01-06,,,,
2025-12-22,2025-12-18,울산,2025-D-0001-423,UJS-B016-05,1지역,,,,,,,21.2,,37,,,,,,,,,,,,,,,2026-01-01,,,2026-01-06,,,,
2025-12-22,2025-12-18,울산,2025-D-0001-424,UJS-B016-06,1지역,,,,,,,19,,15.3,,,,,,,,,,,,,,,2026-01-01,,,2026-01-06,,,,
2025-12-22,2025-12-18,울산,2025-D-0001-425,UJS-B016-07,1지역,,,,,,,14.7,,22.3,,,,,,,,,,,,,,,2026-01-01,,,2026-01-06,,,,
2025-12-22,2025-12-18,울산,2025-D-0001-426,UJS-B016-08,1지역,,,,,,,5.1,,11.4,,,,,,,,,,,,,,,2026-01-01,,,2026-01-06,,,,
2025-12-22,2025-12-18,울산,2025-D-0001-427,UJS-B024-01,1지역,,,,,,,37.8,,177.8,,,,,,,,,,,,,,,2026-01-01,,,2026-01-06,,,,
2025-12-22,2025-12-18,울산,2025-D-0001-428,UJS-B024-02,1지역,,,,,,,49.8,,236.1,,,,,,,,,,,,,,,2026-01-01,,,2026-01-06,,,,
2025-12-22,2025-12-18,울산,2025-D-0001-429,UJS-B024-03,1지역,,,,,,,43.1,,214.2,,,,,,,,,,,,,,,2026-01-01,,,2026-01-06,,,,
2025-12-22,2025-12-18,울산,2025-D-0001-430,UJS-B024-04,1지역,,,,,,,52.9,,258.1,,,,,,,,,,,,,,,2026-01-01,,,2026-01-06,,,,
2025-12-22,2025-12-18,울산,2025-D-0001-431,UJS-B024-05,1지역,,,,,,,65.3,,509.5,,,,,,,,,,,,,,,2026-01-01,,,2026-01-06,,,,
2025-12-22,2025-12-18,울산,2025-D-0001-432,UJS-B024-06,1지역,,,,,,,89.2,,239.6,,,,,,,,,,,,,,,2026-01-01,,,2026-01-06,,,,
2025-12-22,2025-12-18,울산,2025-D-0001-433,UJS-B024-07,1지역,,,,,,,70,,409.5,,,,,,,,,,,,,,,2026-01-01,,,2026-01-06,,,,
2025-12-22,2025-12-18,울산,2025-D-0001-434,UJS-B024-08,1지역,,,,,,,214.7,,2082.5,,,,,,,,,,,,,,,2026-01-01,,,2026-01-06,,,,
2025-12-22,2025-12-18,울산,2025-D-0001-435,UJS-A075-02,1지역,,,,,,,44.2,,218.8,,,,,,,,,,,,,,,2026-01-01,,,2026-01-06,,개황조사 추가심도,,
2025-12-22,2025-12-18,울산,2025-D-0001-436,UJS-A075-03,1지역,,,,,,,47.3,,201.7,,,,,,,,,,,,,,,2026-01-01,,,2026-01-06,,개황조사 추가심도,,
2025-12-22,2025-12-18,울산,2025-D-0001-437,UJS-A075-04,1지역,,,,,,,50.2,,236.1,,,,,,,,,,,,,,,2026-01-01,,,2026-01-06,,개황조사 추가심도,,
2025-12-22,2025-12-18,울산,2025-D-0001-438,UJS-A075-05,1지역,,,,,,,55.6,,323.5,,,,,,,,,,,,,,,2026-01-01,,,2026-01-06,,개황조사 추가심도,,
2025-12-22,2025-12-18,울산,2025-D-0001-439,UJS-A075-06,1지역,,,,,,,46.1,,332.7,,,,,,,,,,,,,,,2026-01-01,,,2026-01-06,,개황조사 추가심도,,
2025-12-22,2025-12-18,울산,2025-D-0001-440,UJS-A075-07,1지역,,,,,,,46.9,,311,,,,,,,,,,,,,,,2026-01-01,,,2026-01-06,,개황조사 추가심도,,
2025-12-22,2025-12-18,울산,2025-D-0001-441,UJS-A075-08,1지역,,,,,,,30.9,,136.4,,,,,,,,,,,,,,,2026-01-01,,,2026-01-06,,개황조사 추가심도,,
2025-12-22,2025-12-18,울산,2025-D-0001-442,UJS-B041-01,1지역,,,,,,,43.5,,207.3,,,,,,,,,,,,,,,2026-01-01,,,2026-01-06,,,,
2025-12-22,2025-12-18,울산,2025-D-0001-443,UJS-B041-02,1지역,,,,,,,44.1,,213.8,,,,,,,,,,,,,,,2026-01-01,,,2026-01-06,,,,
2025-12-22,2025-12-18,울산,2025-D-0001-444,UJS-B041-03,1지역,,,,,,,53.5,,211.3,,,,,,,,,,,,,,,2026-01-01,,,2026-01-06,,,,
2025-12-22,2025-12-18,울산,2025-D-0001-445,UJS-B041-04,1지역,,,,,,,99.6,,113.6,,,,,,,,,,,,,,,2026-01-01,,,2026-01-06,,,,
2025-12-22,2025-12-18,울산,2025-D-0001-446,UJS-B041-05,1지역,,,,,,,83.2,,885.6,,,,,,,,,,,,,,,2026-01-01,,,2026-01-06,,,,
2025-12-22,2025-12-18,울산,2025-D-0001-447,UJS-B041-06,1지역,,,,,,,169.1,,640.8,,,,,,,,,,,,,,,2026-01-01,,,2026-01-06,,,,
2025-12-22,2025-12-18,울산,2025-D-0001-448,UJS-B042-01,1지역,ND,ND,ND,ND,ND,,,,,,,,,,,,,,,,,,,2026-01-01,,2025-12-30,,,,,
2025-12-22,2025-12-18,울산,2025-D-0001-449,UJS-B042-02,1지역,190,ND,ND,ND,ND,,,,,,,,,,,,,,,,,,,2026-01-01,,2025-12-30,,,,,
2025-12-22,2025-12-18,울산,2025-D-0001-450,UJS-B042-03,1지역,ND,ND,ND,ND,ND,,,,,,,,,,,,,,,,,,,2026-01-01,,2025-12-30,,,,,
2026-01-16,2026-01-13,울산,2025-D-0001-451,UJS-B050-01,1지역,,,,,,,16.5,,71.7,,,,,,,,,,,,,,,2026-01-27,,,2026-01-26,,,,
2026-01-16,2026-01-13,울산,2025-D-0001-452,UJS-B050-02,1지역,,,,,,,15.7,,19.9,,,,,,,,,,,,,,,2026-01-27,,,2026-01-26,,,,
2026-01-16,2026-01-13,울산,2025-D-0001-453,UJS-B050-03,1지역,,,,,,,15,,15.4,,,,,,,,,,,,,,,2026-01-27,,,2026-01-26,,,,
2026-01-16,2026-01-13,울산,2025-D-0001-454,UJS-B050-04,1지역,,,,,,,16.6,,15.2,,,,,,,,,,,,,,,2026-01-27,,,2026-01-26,,,,
2026-01-16,2026-01-13,울산,2025-D-0001-455,UJS-B049-01,1지역,,,,,,,111.2,,814,,,,,,,,,,,,,,,2026-01-27,,,2026-01-26,,,,
2026-01-16,2026-01-13,울산,2025-D-0001-456,UJS-B049-02,1지역,,,,,,,74.4,,503.2,,,,,,,,,,,,,,,2026-01-27,,,2026-01-26,,,,
2026-01-16,2026-01-13,울산,2025-D-0001-457,UJS-B049-03,1지역,,,,,,,84.7,,650.2,,,,,,,,,,,,,,,2026-01-27,,,2026-01-26,,,,
2026-01-16,2026-01-13,울산,2025-D-0001-458,UJS-B049-04,1지역,,,,,,,30.4,,121.8,,,,,,,,,,,,,,,2026-01-27,,,2026-01-26,,,,
2026-01-16,2026-01-13,울산,2025-D-0001-459,UJS-B047-01,2지역,,,,,,,85.3,,288.7,,,,,,,,,,,,,,,2026-01-27,,,2026-01-26,,,,
2026-01-16,2026-01-13,울산,2025-D-0001-460,UJS-B047-02,2지역,,,,,,,24.8,,115.8,,,,,,,,,,,,,,,2026-01-27,,,2026-01-26,,,,
2026-01-16,2026-01-13,울산,2025-D-0001-461,UJS-B047-03,2지역,,,,,,,16.2,,20.2,,,,,,,,,,,,,,,2026-01-27,,,2026-01-26,,,,
2026-01-16,2026-01-13,울산,2025-D-0001-462,UJS-B047-04,2지역,,,,,,,6.3,,13.8,,,,,,,,,,,,,,,2026-01-27,,,2026-01-26,,,,
2026-01-16,2026-01-13,울산,2025-D-0001-463,UJS-B048-01,1지역,,,,,,,24.7,,47,,,,,,,,,,,,,,,2026-01-27,,,2026-01-26,,,,
2026-01-16,2026-01-13,울산,2025-D-0001-464,UJS-B048-02,1지역,,,,,,,25.3,,73.5,,,,,,,,,,,,,,,2026-01-27,,,2026-01-26,,,,
2026-01-16,2026-01-13,울산,2025-D-0001-465,UJS-B048-03,1지역,,,,,,,50.1,,249.9,,,,,,,,,,,,,,,2026-01-27,,,2026-01-26,,,,
2026-01-16,2026-01-13,울산,2025-D-0001-466,UJS-B048-04,1지역,,,,,,,63.1,,221.3,,,,,,,,,,,,,,,2026-01-27,,,2026-01-26,,,,
2026-01-16,2026-01-14,울산,2025-D-0001-467,UJS-B052-01,1지역,,,,,,,25.3,,115.9,,,,,,,,,,,,,,,2026-01-28,,,2026-01-26,,,,
2026-01-16,2026-01-14,울산,2025-D-0001-468,UJS-B052-02,1지역,,,,,,,46.4,,204,,,,,,,,,,,,,,,2026-01-28,,,2026-01-26,,,,
2026-01-16,2026-01-14,울산,2025-D-0001-469,UJS-B052-03,1지역,,,,,,,180.7,,1660.6,,,,,,,,,,,,,,,2026-01-28,,,2026-01-26,,,,
2026-01-16,2026-01-14,울산,2025-D-0001-470,UJS-B052-04,1지역,,,,,,,213.2,,1991.5,,,,,,,,,,,,,,,2026-01-28,,,2026-01-26,,,,
2026-01-16,2026-01-14,울산,2025-D-0001-471,UJS-B052-05,1지역,,,,,,,64.5,,630.8,,,,,,,,,,,,,,,2026-01-28,,,2026-01-26,,,,
2026-01-16,2026-01-14,울산,2025-D-0001-472,UJS-B052-06,1지역,,,,,,,296.9,,2469.1,,,,,,,,,,,,,,,2026-01-28,,,2026-01-26,,,,
2026-01-16,2026-01-14,울산,2025-D-0001-473,UJS-B044-01,1지역,,,,,,,21.7,,41.6,,,,,,,,,,,,,,,2026-01-28,,,2026-01-26,,,,
2026-01-16,2026-01-14,울산,2025-D-0001-474,UJS-B044-02,1지역,,,,,,,22.8,,36.1,,,,,,,,,,,,,,,2026-01-28,,,2026-01-26,,,,
2026-01-16,2026-01-14,울산,2025-D-0001-475,UJS-B044-03,1지역,,,,,,,266.2,,530,,,,,,,,,,,,,,,2026-01-28,,,2026-01-26,,,,
2026-01-16,2026-01-14,울산,2025-D-0001-476,UJS-B044-04,1지역,,,,,,,108.2,,493.1,,,,,,,,,,,,,,,2026-01-28,,,2026-01-26,,,,
2026-01-16,2026-01-14,울산,2025-D-0001-477,UJS-B046-01,1지역,,,,,,,46.7,,95.1,,,,,,,,,,,,,,,2026-01-28,,,2026-01-26,,,,
2026-01-16,2026-01-14,울산,2025-D-0001-478,UJS-B046-02,1지역,,,,,,,57,,119.2,,,,,,,,,,,,,,,2026-01-28,,,2026-01-26,,,,
2026-01-16,2026-01-14,울산,2025-D-0001-479,UJS-B046-03,1지역,,,,,,,199,,59.7,,,,,,,,,,,,,,,2026-01-28,,,2026-01-26,,,,
2026-01-16,2026-01-14,울산,2025-D-0001-480,UJS-B046-04,1지역,,,,,,,38.4,,27.6,,,,,,,,,,,,,,,2026-01-28,,,2026-01-26,,,,
2026-01-16,2026-01-14,울산,2025-D-0001-481,UJS-B043-01,1지역,,,,,,,35.6,,155.5,,,,,,,,,,,,,,,2026-01-28,,,2026-01-26,,,,
2026-01-16,2026-01-14,울산,2025-D-0001-482,UJS-B043-02,1지역,,,,,,,42.4,,175.8,,,,,,,,,,,,,,,2026-01-28,,,2026-01-26,,,,
2026-01-16,2026-01-14,울산,2025-D-0001-483,UJS-B043-03,1지역,,,,,,,62.6,,259.9,,,,,,,,,,,,,,,2026-01-28,,,2026-01-26,,,,
2026-01-16,2026-01-14,울산,2025-D-0001-484,UJS-B043-04,1지역,,,,,,,53.9,,208.6,,,,,,,,,,,,,,,2026-01-28,,,2026-01-26,,,,
2026-01-16,2026-01-14,울산,2025-D-0001-485,UJS-B045-01,1지역,,,,,,,30.3,,36.9,,,,,,,,,,,,,,,2026-01-28,,,2026-01-26,,,,
2026-01-16,2026-01-14,울산,2025-D-0001-486,UJS-B045-02,1지역,,,,,,,21.6,,34.3,,,,,,,,,,,,,,,2026-01-28,,,2026-01-26,,,,
2026-01-16,2026-01-14,울산,2025-D-0001-487,UJS-B045-03,1지역,,,,,,,19.7,,22.8,,,,,,,,,,,,,,,2026-01-28,,,2026-01-26,,,,
2026-01-16,2026-01-14,울산,2025-D-0001-488,UJS-B045-04,1지역,,,,,,,19.9,,19.1,,,,,,,,,,,,,,,2026-01-28,,,2026-01-26,,,,
2026-01-16,2026-01-14,울산,2025-D-0001-489,UJS-B015-05,1지역,,,,,,,14.7,,19.8,,,,,,,,,,,,,,,2026-01-28,,,2026-01-26,,2025-D-0001-415 재채취시료,,
2026-01-16,2026-01-14,울산,2025-D-0001-490,UJS-B051-01,2지역,ND,ND,ND,ND,ND,,,,,,,,,,,,,,,,,,,2026-01-28,,2026-01-21,,,,,
2026-01-16,2026-01-14,울산,2025-D-0001-491,UJS-B051-02,2지역,ND,ND,ND,ND,ND,,,,,,,,,,,,,,,,,,,2026-01-28,,2026-01-21,,,,,
2026-01-16,2026-01-14,울산,2025-D-0001-492,UJS-B051-03,2지역,ND,ND,ND,ND,ND,,,,,,,,,,,,,,,,,,,2026-01-28,,2026-01-21,,,,,
2026-01-16,2026-01-14,울산,2025-D-0001-493,UJS-B051-04,2지역,ND,ND,ND,ND,ND,,,,,,,,,,,,,,,,,,,2026-01-28,,2026-01-21,,,,,
2026-02-04,2026-02-03,울산,2025-D-0001-494,UJS-B043-05,2지역,,,,,,,34.2,,44,,,,,,,,,,,,,,,2026-02-17,,,2026-02-09,,,,
2026-02-04,2026-02-03,울산,2025-D-0001-495,UJS-B044-05,2지역,,,,,,,155,,899.1,,,,,,,,,,,,,,,2026-02-17,,,2026-02-09,,,,
2026-02-04,2026-02-03,울산,2025-D-0001-496,UJS-B048-05,2지역,,,,,,,59.5,,268.6,,,,,,,,,,,,,,,2026-02-17,,,2026-02-09,,,,
2026-02-04,2026-02-03,울산,2025-D-0001-497,UJS-B053-01,2지역,,,,,,,58.1,,541.5,,,,,,,,,,,,,,,2026-02-17,,,2026-02-09,,,,
2026-02-04,2026-02-03,울산,2025-D-0001-498,UJS-B053-02,2지역,,,,,,,47.9,,270.4,,,,,,,,,,,,,,,2026-02-17,,,2026-02-09,,,,
2026-02-04,2026-02-03,울산,2025-D-0001-499,UJS-B053-03,2지역,,,,,,,31.1,,185,,,,,,,,,,,,,,,2026-02-17,,,2026-02-09,,,,
2026-02-04,2026-02-03,울산,2025-D-0001-500,UJS-B053-04,2지역,,,,,,,16.3,,14.3,,,,,,,,,,,,,,,2026-02-17,,,2026-02-09,,,,
2026-02-04,2026-02-03,울산,2025-D-0001-501,UJS-B054-01,2지역,,,,,,,19.9,,28.4,,,,,,,,,,,,,,,2026-02-17,,,2026-02-09,,,,
2026-02-04,2026-02-03,울산,2025-D-0001-502,UJS-B054-02,2지역,,,,,,,25,,41.9,,,,,,,,,,,,,,,2026-02-17,,,2026-02-09,,,,
2026-02-04,2026-02-03,울산,2025-D-0001-503,UJS-B054-03,2지역,,,,,,,29.5,,84.3,,,,,,,,,,,,,,,2026-02-17,,,2026-02-09,,,,
2026-02-04,2026-02-03,울산,2025-D-0001-504,UJS-B054-04,2지역,,,,,,,100.8,,621.8,,,,,,,,,,,,,,,2026-02-17,,,2026-02-09,,,,
2026-02-04,2026-02-03,울산,2025-D-0001-505,UJS-B055-01,2지역,,,,,,,25.1,,38.9,,,,,,,,,,,,,,,2026-02-17,,,2026-02-09,,,,
2026-02-04,2026-02-03,울산,2025-D-0001-506,UJS-B055-02,2지역,,,,,,,23.2,,28.3,,,,,,,,,,,,,,,2026-02-17,,,2026-02-09,,,,
2026-02-04,2026-02-03,울산,2025-D-0001-507,UJS-B055-03,2지역,,,,,,,81.1,,71.9,,,,,,,,,,,,,,,2026-02-17,,,2026-02-09,,,,
2026-02-04,2026-02-03,울산,2025-D-0001-508,UJS-B055-04,2지역,,,,,,,132.4,,85,,,,,,,,,,,,,,,2026-02-17,,,2026-02-09,,,,
2026-02-04,2026-02-03,울산,2025-D-0001-509,UJS-B055-05,2지역,,,,,,,18.6,,16.4,,,,,,,,,,,,,,,2026-02-17,,,2026-02-09,,,,
2026-02-04,2026-02-03,울산,2025-D-0001-510,UJS-B055-06,2지역,,,,,,,12,,17.9,,,,,,,,,,,,,,,2026-02-17,,,2026-02-09,,,,
2026-02-04,2026-02-03,울산,2025-D-0001-511,UJS-B058-01,2지역,,,,,,,33.5,,44.4,,,,,,,,,,,,,,,2026-02-17,,,2026-02-09,,,,
2026-02-04,2026-02-03,울산,2025-D-0001-512,UJS-B058-02,2지역,,,,,,,13.2,,11.4,,,,,,,,,,,,,,,2026-02-17,,,2026-02-09,,,,
2026-02-04,2026-02-03,울산,2025-D-0001-513,UJS-B056-01,2지역,,,,,,,52.4,,184.9,,,,,,,,,,,,,,,2026-02-17,,,2026-02-09,,,,
2026-02-04,2026-02-03,울산,2025-D-0001-514,UJS-B056-02,2지역,,,,,,,157,,179.4,,,,,,,,,,,,,,,2026-02-17,,,2026-02-09,,,,
2026-02-04,2026-02-03,울산,2025-D-0001-515,UJS-B056-03,2지역,,,,,,,13.7,,12.9,,,,,,,,,,,,,,,2026-02-17,,,2026-02-09,,,,
2026-02-04,2026-02-03,울산,2025-D-0001-516,UJS-B056-04,2지역,,,,,,,19.8,,16.6,,,,,,,,,,,,,,,2026-02-17,,,2026-02-09,,,,
2026-02-04,2026-02-03,울산,2025-D-0001-517,UJS-B057-01,2지역,,,,,,,21.8,,37.9,,,,,,,,,,,,,,,2026-02-17,,,2026-02-09,,,,
2026-02-04,2026-02-03,울산,2025-D-0001-518,UJS-B057-02,2지역,,,,,,,18.7,,11.5,,,,,,,,,,,,,,,2026-02-17,,,2026-02-09,,,,
2026-02-04,2026-02-03,울산,2025-D-0001-519,UJS-B057-03,2지역,,,,,,,22.2,,11.3,,,,,,,,,,,,,,,2026-02-17,,,2026-02-09,,,,
2026-02-04,2026-02-03,울산,2025-D-0001-520,UJS-B057-04,2지역,,,,,,,20.2,,13,,,,,,,,,,,,,,,2026-02-17,,,2026-02-09,,,,
2026-02-04,2026-02-03,울산,2025-D-0001-521,UJS-B057-05,2지역,,,,,,,14,,11.3,,,,,,,,,,,,,,,2026-02-17,,,2026-02-09,,,,
